causas-civil	1153882	EN LETRA
causas-civil	957319	EN DESPACHO
causas-civil	461746	INICIO / DEMANDA
causas-civil	104598	PARALIZADO
causas-civil	73387	SIN DEFINIR
causas-civil	64454	ARCHIVESE
causas-civil	49657	EN CONFRONTE
causas-civil	47097	SACADO DE PARALIZADO
causas-civil	46851	RESOLUCION DE CAMARA
causas-civil	45371	RESOL. QUE PONE FIN AL LITIGIO: DECLARATORIA DE HEREDEROS
causas-civil	45343	DEVOLUCION - CIERRE DE RECURSO
causas-civil	27003	PRUEBA SOBRE HECHOS CONDUCENTES, ALEGADOS Y CONTROVERTIDOS - AUTO DE APERTURA A PRUEBA
causas-civil	26618	LLAMAMIENTO DE AUTOS A SENTENCIA - ART 483 CPCCN
causas-civil	23659	SENTENCIA DE PRIMERA INSTANCIA
causas-civil	20804	APERTURA RECURSO: HONORARIOS
causas-civil	19082	RESOL. QUE PONE FIN AL LITIGIO: CONCILIACION/HOMOLOGACION
causas-civil	15748	AUDIENCIA PRELIMINAR - ART. 360 CPCCN
causas-civil	15711	APERTURA RECURSO - RELACION
causas-civil	10158	ACUERDO TRANSACCIONAL HOMOLOGADO
causas-civil	9258	TRABA DE LITIS: CONTESTACION DE DEMANDA
causas-civil	9068	RESOL. QUE PONE FIN AL LITIGIO: CADUCIDAD DE LA INSTANCIA
causas-civil	8493	RESOL. QUE PONE FIN AL LITIGIO: DECLARACION DE INCOMPETENCIA E INHIBITORIA
causas-civil	8424	APERTURA RECURSO - LIBRE
causas-civil	7807	RESOL. QUE PONE FIN AL LITIGIO: DESISTIMIENTO DEL DERECHO O DEL PROCESO
causas-civil	7496	DECLARATORIA DE HEREDEROS
causas-civil	7251	SENTENCIA DE CAMARA
causas-civil	6542	DESARCHIVO/REINGRESO
causas-civil	6332	RESOL. QUE PONE FIN AL LITIGIO: TRANSACCION
causas-civil	5644	INICIO
causas-civil	5465	MEMORIAL: PRESENTA MEMORIAL
causas-civil	5170	TRABA DE LITIS: REBELDIA Y/O TENER POR NO CONTESTADA DEMANDA
causas-civil	5121	CONCLUSION DE LA CAUSA PARA DEFINITIVA (ART. 482)
causas-civil	4526	APROBACION DE TESTAMENTO
causas-civil	4243	ALEGATOS
causas-civil	4214	SUCESION.      APERTURA
causas-civil	4094	MEMORIAL: CONTESTA MEMORIAL
causas-civil	2958	SUCESION.      DECLARATORIA DE HEREDEROS
causas-civil	2299	TRASLADO DE LA DEMANDA
causas-civil	2193	DEMANDA. CONTESTACION DE DEMANDA
causas-civil	2150	PRIMER DESPACHO - TRASLADO DEMANDA
causas-civil	2131	AUDIENCIA PRELIMINAR
causas-civil	1832	OFICIO
causas-civil	1813	DECLARA ABIERTA LA SUCESION
causas-civil	1648	CONTESTACION CITADA EN GARANTIA
causas-civil	1460	CERTIFICACION EDICTOS
causas-civil	1457	SENTENCIA DE TRANCE Y REMATE
causas-civil	1426	EN LETRA - CONFRONTE FIRMADO
causas-civil	1341	EJECUCION DE SENTENCIA
causas-civil	1334	SENTENCIA
causas-civil	1319	SUCESION.      INSCRIPCION DE DECLARATORIA
causas-civil	1289	EN LETRA - CONFRONTE OBSERVADO
causas-civil	1199	READJUDICACION POR NO EXISTIR CONEXIDAD
causas-civil	1198	HOMOLOGACION ACUERDO
causas-civil	1194	DEVOLUCION
causas-civil	1081	AUDIENCIA ART. 360
causas-civil	1014	RESOL. QUE PONE FIN AL LITIGIO: COSA JUZGADA
causas-civil	920	DECLARACION DE INCOMPETENCIA
causas-civil	907	DECLARACION DE PURO DERECHO
causas-civil	864	PRUEBA: AUDIENCIA DEL ART. 360
causas-civil	828	OFICIO A REGISTROS
causas-civil	755	DEMANDA. CONTESTACION CITADA EN GARANTIA
causas-civil	718	RESOLUCION QUE FINALIZA EL LITIGIO
causas-civil	656	DEMANDA. TRASLADO Y CITACION DEL DEMANDADO/S
causas-civil	645	VUELTA A MEDIACION
causas-civil	631	CONTESTA TRASLADO
causas-civil	620	DESISTIMIENTO DE LA ACCION
causas-civil	582	EN DESPACHO - REMITIR
causas-civil	569	EJECUTIVO INICIACION
causas-civil	565	JUICIO TERMINADO SE ORDENA ARCHIVO
causas-civil	540	AUDIENCIA DE VISTA DE CAUSA
causas-civil	489	RECURSO EXTRAORDINARIO: PRESENTACION
causas-civil	476	FINALIZACION ETAPA - SENTENCIA INTERLOCUTORIA - FINALIZACION ETAPA - SENTENCIA INTERLOCUTORIA
causas-civil	448	SUCESION.      PUBLICACION DE EDICTOS. AGREGACION
causas-civil	441	PRESENTACION DEL INFORME PERICIAL
causas-civil	427	EN DESPACHO - DEO
causas-civil	422	TRABA DE LITIS: CONTESTACION DE DEMANDA CON EXCEPCIONES PREVIAS
causas-civil	411	ACUMULACION DE ACCIONES
causas-civil	404	NOTIFICACION POR SECRETARIA
causas-civil	394	EN LETRA - PROYECTO FIRMADO
causas-civil	391	INTIMACION CUMPLIMIENTO DE LA OBLIGACION
causas-civil	384	OFICIO A CONFRONTE
causas-civil	381	NOTIFICACION DE LA JUEZ QUE VA A CONOCER
causas-civil	381	RESOL. QUE PONE FIN AL LITIGIO: ALLANAMIENTO TOTAL CON CUMPLIMIENTO DE LA PRESTACION
causas-civil	375	O R D I N A R I O
causas-civil	374	VISTA FISCAL
causas-civil	363	EN LETRA - REMITIR
causas-civil	349	HONORARIOS REGULACION
causas-civil	340	EXPEDIENTE PRESTADO A PERITOS
causas-civil	339	EN LETRA - PROYECTO OBSERVADO
causas-civil	332	AUDIENCIA PRELIMINAR - NO CONCILIADA
causas-civil	328	INTEGRACION DE LITIS
causas-civil	321	DETALLE: EN LETRA
causas-civil	318	NOTIFICACION BAJO RESPONSABILIDAD DE LA PARTE
causas-civil	298	CLAUSURA PRUEBA
causas-civil	294	SUCESION.TESTAMENTO. APROBACION Y PROTOCOLIZAC.
causas-civil	284	RECURSO EXTRAORDINARIO - CONTESTACION RECURSO EXTRAORDINARIO
causas-civil	281	REMOCION DE PERITO
causas-civil	277	RESOL. QUE PONE FIN AL LITIGIO: CADUCIDAD DE LA INSTANCIA - CADUCIDAD DE INSTANCIA
causas-civil	275	ART. 547 TRASLADO DE EXCEPCIONES
causas-civil	268	RECUSACION   A  S.S.
causas-civil	264	PROVIDENCIAS VARIAS
causas-civil	258	APELACION  CONCESION
causas-civil	257	DETALLE: INICIO / DEMANDA
causas-civil	252	RECURSO EXTRAORDINARIO - RESOLUCION RECHAZA
causas-civil	252	RESOLUCION NO DEFINITIVA
causas-civil	244	EN LETRA - OFICIO OBSERVADO
causas-civil	241	ENDEREZA DEMANDA
causas-civil	241	SIN DEFINIR - SE RECIBE INFORME
causas-civil	238	INTIMACION CUMPLIMIENTO OBLIGATORIO
causas-civil	230	SUCESION EN TRAMITES PARA INSCRIBIR
causas-civil	226	TASA SATISFECHA
causas-civil	219	EJECUTIVO. CITACION DEL DEUDOR.  MANDAMIENTO
causas-civil	217	TRABA DE LITIS: MEDIDAS PARA MEJOR PROVEER
causas-civil	209	EN LETRA - OFICIO FIRMADO
causas-civil	207	EN DESPACHO - CONFECCION DEO/SINTYS/BOLETIN OFICIAL
causas-civil	199	SETENCIA DE TRANCE Y REMATE
causas-civil	196	CONFECCION CEDULA
causas-civil	195	PRUEBA SOBRE HECHOS CONDUCENTES, ALEGADOS Y CONTROVERTIDOS - AUTO DE APERTURA A PRUEBA - PROVEIDO DE
causas-civil	194	DEVOLUCION DE EXHORTO
causas-civil	189	SENTENCIA (INCLUIDAS REMATE/VENTA Y DECL. HEREDERO
causas-civil	188	EN DESPACHO - BAJA
causas-civil	187	TRANSACCION
causas-civil	177	EN DESPACHO - ESTA PARA HACER CEDULAS
causas-civil	176	IMPUGNACION PERICIA
causas-civil	174	EXPEDIENTE ELEVACION A CAMARA
causas-civil	170	EN DESPACHO - NOTIFICACION POR SECRETARIA
causas-civil	170	EN LETRA - CONFRONTADO
causas-civil	169	FALLO FAL
causas-civil	168	PROTOCOLIZACION DE TESTAMENTO
causas-civil	162	EN DESPACHO - CONTESTACIóN DE OFICIO
causas-civil	156	EN LETRA - PARA REGISTRAR
causas-civil	156	TRABA DE LITIS: NOTIFICACION DE DEMANDA
causas-civil	155	ACUERDO
causas-civil	149	CIRCULACION DE LA CAUSA
causas-civil	148	TRABA DE LITIS: PREPARACION VIA EJECUTIVA
causas-civil	146	PRUEBA SOBRE HECHOS CONDUCENTES, ALEGADOS Y CONTROVERTIDOS - EVALUACION ART. 42 LEY 26657 (EX ART. 1
causas-civil	143	RESOL. QUE PONE FIN AL LITIGIO: PRESCRIPCION
causas-civil	141	AUDIENCIA    CONCILIACION PREVIA A APERTURA PRUEBA
causas-civil	135	SUCESION. APERTURA
causas-civil	132	EN LETRA - CONFRONTE A LA FIRMA
causas-civil	131	EN DESPACHO - CONTESTACION DE OFICIO
causas-civil	131	LLAMADO DE AUTOS PARA SENTENCIA
causas-civil	131	PLANTEO DEL RECURSO - DENEGACION DEL RECURSO
causas-civil	126	EXCEPCIONES PREVIAS
causas-civil	126	INTERVENCION DE TERCEROS
causas-civil	124	JUICIO RECIBIDO A PRUEBA
causas-civil	122	AUDIENCIA DE VISTA DE CAUSA - NO CONCILIADA
causas-civil	122	EN DESPACHO - EDICTO
causas-civil	120	INCOMPETENCIA POR FUERO ATRACCION SUCESORIO
causas-civil	119	DETALLE: EN DESPACHO
causas-civil	119	REITERACION NOTIFICACION
causas-civil	118	DILIGENCIAS PRELIMINARES
causas-civil	115	RECEPCION DE EXPTE.CONEXIDAD
causas-civil	109	EN DESPACHO - FISCAL
causas-civil	107	EN LETRA - FISCAL
causas-civil	100	ARCHIVO PROVISORIO - A ARCHIVO PROVISORIO EN PAQUETE NRO. 1442023135
causas-civil	99	EN LETRA - EDICTO BO
causas-civil	99	FINALIZACION ETAPA - SENTENCIA DEFINITIVA
causas-civil	97	EJECUTIVO. PREPARACION DE LA VIA EJECUTIVA.
causas-civil	97	OFICIO A OTRO JUZGADO
causas-civil	95	EN DESPACHO - PARA REMITIR
causas-civil	95	EN LETRA - MANDAMIENTO FIRMADO
causas-civil	94	EN LETRA - CONFRONTE A LA FIRMA.-
causas-civil	88	AMPLIACION DE DEMANDA
causas-civil	87	MEDIDAS PRECAUTORIAS
causas-civil	84	EJEC.HIP. ART. 598 CONSTATACION Y INT. LANZA.
causas-civil	82	RESOL. QUE PONE FIN AL LITIGIO: DECLARACION DE INCAPACIDAD
causas-civil	81	CONFRONTE
causas-civil	80	ARCHIVO PROVISORIO - A ARCHIVO PROVISORIO EN PAQUETE NRO. 1442023144
causas-civil	79	EN DESPACHO - PARA CERTIFICAR
causas-civil	79	EN LETRA - DEO
causas-civil	78	DEMANDA AMPLIACION
causas-civil	78	VUELVE A MEDIACION
causas-civil	77	PAGO    CUMPLIMIENTO
causas-civil	76	AUDIENCIA    CONCILIATORIA
causas-civil	74	BENEFICIO INICIO
causas-civil	74	CASILLERO PASES
causas-civil	74	EMBARGO
causas-civil	74	EN DESPACHO - VISTAS
causas-civil	74	RESOLUCION DE EXCEPCION
causas-civil	74	SUSPENSION   PROCEDIMIENTO
causas-civil	73	EJECUTIVO
causas-civil	72	DESALOJO ENTREGA TENENCIA
causas-civil	72	EXPEDIENTE PRESTADO PARA ALEGAR
causas-civil	71	EN LETRA - VISTA AL FISCAL
causas-civil	70	ARCHIVO PROVISORIO - A ARCHIVO PROVISORIO EN PAQUETE NRO. 1442023147
causas-civil	69	EN DESPACHO - CONFECCIóN DE DEO/SYNTIS
causas-civil	68	EXHORTO DESPACHO INICIAL
causas-civil	68	PARTICION DE BIENES
causas-civil	67	CHEQUE HONORARIOS
causas-civil	64	EN DESPACHO - PARA FISCAL
causas-civil	60	ARCHIVO PROVISORIO - A ARCHIVO PROVISORIO EN PAQUETE NRO. 1442023122
causas-civil	57	EN LETRA - TESTIMONIO OBSERVADO
causas-civil	56	EN DESPACHO - NOT X SEC
causas-civil	55	DETALLE: RESOLUCION DE CAMARA
causas-civil	54	EN DESPACHO - A 360
causas-civil	54	EN LETRA - MANDAMIENTO OBSERVADO
causas-civil	53	EN DESPACHO - PARA NOTIFICAR POR SECRETARíA/DEO/BO
causas-civil	53	NUEVO MANDAMIENTO
causas-civil	52	LLAMAMIENTO DE AUTOS A SENTENCIA - ART 483 CPCCN - AUTOS PARA SENTENCIA
causas-civil	51	CONCILIACION. ACUERDO. HOMOLOGACION
causas-civil	51	EN LETRA - FOTOCOPIAS CERTIFICADAS
causas-civil	51	S U M A R I S I M O
causas-civil	50	ARCHIVO PROVISORIO - A ARCHIVO PROVISORIO EN PAQUETE NRO. 1442023123
causas-civil	50	ARCHIVO PROVISORIO - A ARCHIVO PROVISORIO EN PAQUETE NRO. 1442023125
causas-civil	50	ARCHIVO PROVISORIO - A ARCHIVO PROVISORIO EN PAQUETE NRO. 1442023126
causas-civil	50	ARCHIVO PROVISORIO - A ARCHIVO PROVISORIO EN PAQUETE NRO. 1442023130
causas-civil	50	ARCHIVO PROVISORIO - A ARCHIVO PROVISORIO EN PAQUETE NRO. 1442023139
causas-civil	50	ARCHIVO PROVISORIO - A ARCHIVO PROVISORIO EN PAQUETE NRO. 1442023142
causas-civil	50	ARCHIVO PROVISORIO - A ARCHIVO PROVISORIO EN PAQUETE NRO. 1442023143
causas-civil	50	ARCHIVO PROVISORIO - A ARCHIVO PROVISORIO EN PAQUETE NRO. 144202327
causas-civil	50	ARCHIVO PROVISORIO - A ARCHIVO PROVISORIO EN PAQUETE NRO. 144202335
causas-civil	50	ARCHIVO PROVISORIO - A ARCHIVO PROVISORIO EN PAQUETE NRO. 144202344
causas-civil	50	SENTENCIA DE PRIMERA INSTANCIA - SENTENCIA DE PRIMERA INSTANCIA
causas-civil	50	TRABA DE LITIS: CONTESTACION DE DEMANDA CON ALLANAMIENTO
causas-civil	50	TRASLADO DE LA DEMANDA - TRáMITE SUMARíSIMO
causas-civil	49	DESISTIMIENTO DE MEDIDAS DE PRUEBA
causas-civil	49	EN LETRA - CONTRATAPA
causas-civil	48	ARCHIVO PROVISORIO - A ARCHIVO PROVISORIO EN PAQUETE NRO. 4081202243
causas-civil	48	ARCHIVO PROVISORIO - A ARCHIVO PROVISORIO EN PAQUETE NRO. 4081202265
causas-civil	47	DEPOSITA  DA EN PAGO
causas-civil	46	LANZAMIENTO DEL INQUILINO/S
causas-civil	45	DECLARACION DE PURO DERECHO    PEDIDO
causas-civil	45	EN DESPACHO - CERT FOTOCOPIAS
causas-civil	45	EN LETRA - TESTIMONIO FIRMADO
causas-civil	45	INICIO BENEFICIO
causas-civil	45	MANDAMIENTO DE LANZAMIENTO
causas-civil	44	DETALLE: DEVOLUCION - CIERRE DE RECURSO
causas-civil	44	EN LETRA - PARA REMITIR
causas-civil	43	CITACION DE TERCERO INTERESADO
causas-civil	43	DETALLE: SIN DEFINIR
causas-civil	41	EN LETRA - OFICIO A LA FIRMA
causas-civil	41	LIQUIDACION DE CAPITAL E INTERESES.
causas-civil	40	ARCHIVO PROVISORIO - A ARCHIVO PROVISORIO EN PAQUETE NRO. 1442023113
causas-civil	40	ARCHIVO PROVISORIO - A ARCHIVO PROVISORIO EN PAQUETE NRO. 1442023120
causas-civil	40	ARCHIVO PROVISORIO - A ARCHIVO PROVISORIO EN PAQUETE NRO. 1442023127
causas-civil	40	ARCHIVO PROVISORIO - A ARCHIVO PROVISORIO EN PAQUETE NRO. 1442023131
causas-civil	40	ARCHIVO PROVISORIO - A ARCHIVO PROVISORIO EN PAQUETE NRO. 1442023138
causas-civil	40	ARCHIVO PROVISORIO - A ARCHIVO PROVISORIO EN PAQUETE NRO. 1442023146
causas-civil	40	ARCHIVO PROVISORIO - A ARCHIVO PROVISORIO EN PAQUETE NRO. 144202333
causas-civil	40	ARCHIVO PROVISORIO - A ARCHIVO PROVISORIO EN PAQUETE NRO. 144202340
causas-civil	40	DESISTIMIENTO  DE PARTES
causas-civil	40	EN DESPACHO - PARA NOTIFICAR POR SECRETARIA
causas-civil	39	TRABA DE LITIS: CONTESTACION DE EXCEPCIONES PREVIAS
causas-civil	38	ARCHIVO PROVISORIO - A ARCHIVO PROVISORIO EN PAQUETE NRO. 4134201919
causas-civil	38	ARCHIVO PROVISORIO - A ARCHIVO PROVISORIO EN PAQUETE NRO. 4134201965
causas-civil	38	ARCHIVO PROVISORIO - A ARCHIVO PROVISORIO EN PAQUETE NRO. 4134201968
causas-civil	38	CONFRONTE CEDULA
causas-civil	38	INTIMO PAGO DE TASA DE JUSTICIA
causas-civil	37	AUDIENCIA PRELIMINAR - NO CELEBRADA
causas-civil	37	AUTORIZAC. DE INSCRIPCION DE LA DECLARATORIA
causas-civil	37	EMBARGO  LEVANTAMIENTO
causas-civil	37	PRIMERA PROVIDENCIA
causas-civil	37	PRUEBA SOBRE HECHOS CONDUCENTES, ALEGADOS Y CONTROVERTIDOS - AUTO DE APERTURA A PRUEBA - PRUEBA TEST
causas-civil	37	RESOL. QUE PONE FIN AL LITIGIO: FALTA DE LEGITIMACION
causas-civil	37	TASA JUDICIAL    INTEGRACION
causas-civil	35	DECLARATORIA DE HEREDEROS - DECLARATORIA DE HEREDEROS
causas-civil	35	EJECUTIVO AMPLIACION DE DEMANDA
causas-civil	35	EN DESPACHO - PARA NOTIFICAR POR SECRETARíA/DEO
causas-civil	35	EN DESPACHO - REVISANDO PARA CAMARA
causas-civil	35	MANDAM. BAJO RESPONSABILIDAD DE LA ACTORA
causas-civil	35	PARA NOTIFICAR POR SECRETARIA
causas-civil	35	RECHAZO ANTICIPO DE GASTOS
causas-civil	35	RESOL. QUE PONE FIN AL LITIGIO: DESISTIMIENTO DEL DERECHO O DEL PROCESO - DESISTIMIENTO DE LA ACCION
causas-civil	34	EN DESPACHO - BOLETIN OFICIAL
causas-civil	34	EN DESPACHO - ESTA PARA HACER CéDULAS
causas-civil	34	INCOMPETENCIA POR DOMICILIO
causas-civil	34	INSCRIPCION DE TESTAMENTO
causas-civil	33	CERTIFICACION CONEXO
causas-civil	33	DETALLE: PARALIZADO
causas-civil	33	DETALLE: RESOL. QUE PONE FIN AL LITIGIO: DECLARATORIA DE HEREDEROS
causas-civil	33	EN DESPACHO - A REVISAR PARA AUDIENCIA
causas-civil	33	MEDIACION
causas-civil	32	CADUCIDAD
causas-civil	32	CONFRONTE OFICIO
causas-civil	32	EN DESPACHO - PARA CAMARA
causas-civil	32	TRAMITE PREVIO A SENTENCIA
causas-civil	31	EN DESPACHO - CONFRONTE
causas-civil	31	EN DESPACHO - CONTESTACION
causas-civil	31	FINALIZACION ETAPA - SENTENCIA INTERLOCUTORIA
causas-civil	30	ARCHIVO PROVISORIO - A ARCHIVO PROVISORIO EN PAQUETE NRO. 1442023116
causas-civil	30	ARCHIVO PROVISORIO - A ARCHIVO PROVISORIO EN PAQUETE NRO. 1442023117
causas-civil	30	ARCHIVO PROVISORIO - A ARCHIVO PROVISORIO EN PAQUETE NRO. 1442023124
causas-civil	30	ARCHIVO PROVISORIO - A ARCHIVO PROVISORIO EN PAQUETE NRO. 1442023128
causas-civil	30	ARCHIVO PROVISORIO - A ARCHIVO PROVISORIO EN PAQUETE NRO. 1442023129
causas-civil	30	ARCHIVO PROVISORIO - A ARCHIVO PROVISORIO EN PAQUETE NRO. 1442023132
causas-civil	30	ARCHIVO PROVISORIO - A ARCHIVO PROVISORIO EN PAQUETE NRO. 1442023140
causas-civil	30	ARCHIVO PROVISORIO - A ARCHIVO PROVISORIO EN PAQUETE NRO. 1442023141
causas-civil	30	ARCHIVO PROVISORIO - A ARCHIVO PROVISORIO EN PAQUETE NRO. 1442023145
causas-civil	30	ARCHIVO PROVISORIO - A ARCHIVO PROVISORIO EN PAQUETE NRO. 144202321
causas-civil	30	ARCHIVO PROVISORIO - A ARCHIVO PROVISORIO EN PAQUETE NRO. 144202324
causas-civil	30	ARCHIVO PROVISORIO - A ARCHIVO PROVISORIO EN PAQUETE NRO. 144202329
causas-civil	30	ARCHIVO PROVISORIO - A ARCHIVO PROVISORIO EN PAQUETE NRO. 144202347
causas-civil	30	CONCLUSION POR REMISION A OTRO FUERO O JURISDICCION
causas-civil	30	EN DESPACHO - CAMARA
causas-civil	30	HONORARIOS REGULADOS
causas-civil	30	PRUEBA     ANTICIPADA
causas-civil	30	SUBASTA
causas-civil	29	AUDIENCIA PRELIMINAR - CONCILIADA
causas-civil	29	SENTENCIA DE TRANCE Y REMATE - SENTENCIA DE TRANCE Y REMATE
causas-civil	29	VISTA ASESOR DE MENORES
causas-civil	28	EN DESPACHO - CERTIFICAR FOTOCOPIAS
causas-civil	27	BENEFICIO CONCEDIDO
causas-civil	27	DETALLE: ARCHIVESE
causas-civil	27	EN DESPACHO - FISCO
causas-civil	26	EN DESPACHO - NOT POR SEC
causas-civil	26	EN LETRA - CONTRATAPA / CUERPO NUEVO
causas-civil	26	EN LETRA - MANDAMIENTO  A LA FIRMA
causas-civil	26	SIN DEFINIR - VISTA FISCAL
causas-civil	25	APELACION  DENEGACION
causas-civil	25	DESPACHO INICIAL EJEC. HIPOT.
causas-civil	25	EN LETRA - OFICO FIRMADO
causas-civil	25	MEDIDAS CAUTELARES
causas-civil	24	ARCHIVO PROVISORIO - A ARCHIVO PROVISORIO EN PAQUETE NRO. 372202548
causas-civil	24	DETALLE: APERTURA RECURSO - RELACION
causas-civil	24	EN DESPACHO - EDICTOS
causas-civil	24	EN DESPACHO - MERO TRáMITE.
causas-civil	24	EN DESPACHO - VIST
causas-civil	24	EN LETRA - CERTIFICACION DE COPIAS  A LA FIRMA
causas-civil	24	EN LETRA - PASE
causas-civil	24	OFICIO POR SECRETARIA
causas-civil	23	CADUCIDAD DE INSTANCIA    TRASLADO
causas-civil	23	EN DESPACHO - PARA EDICTO
causas-civil	23	EN DESPACHO - REVISAR
causas-civil	23	EN LETRA - ENVIO DE DEO/ SYNTIS/MAIL U OFCICIOS POR SECRETARIA REALIZADOS/ NOTIFICACIONES ELECTRONIC
causas-civil	23	PRUEBA SOBRE HECHOS CONDUCENTES, ALEGADOS Y CONTROVERTIDOS - AUTO DE APERTURA A PRUEBA - NEGLIGENCIA
causas-civil	22	REITERACION DE MANDAMIENTO
causas-civil	21	EN DESPACHO - 0830
causas-civil	21	INICIO TRAMITE
causas-civil	20	ARCHIVO PROVISORIO - A ARCHIVO PROVISORIO EN PAQUETE NRO. 1442023115
causas-civil	20	ARCHIVO PROVISORIO - A ARCHIVO PROVISORIO EN PAQUETE NRO. 1442023118
causas-civil	20	ARCHIVO PROVISORIO - A ARCHIVO PROVISORIO EN PAQUETE NRO. 1442023119
causas-civil	20	ARCHIVO PROVISORIO - A ARCHIVO PROVISORIO EN PAQUETE NRO. 1442023133
causas-civil	20	ARCHIVO PROVISORIO - A ARCHIVO PROVISORIO EN PAQUETE NRO. 1442023137
causas-civil	20	ARCHIVO PROVISORIO - A ARCHIVO PROVISORIO EN PAQUETE NRO. 1442023148
causas-civil	20	ARCHIVO PROVISORIO - A ARCHIVO PROVISORIO EN PAQUETE NRO. 144202322
causas-civil	20	ARCHIVO PROVISORIO - A ARCHIVO PROVISORIO EN PAQUETE NRO. 144202325
causas-civil	20	ARCHIVO PROVISORIO - A ARCHIVO PROVISORIO EN PAQUETE NRO. 144202330
causas-civil	20	ARCHIVO PROVISORIO - A ARCHIVO PROVISORIO EN PAQUETE NRO. 144202334
causas-civil	20	ARCHIVO PROVISORIO - A ARCHIVO PROVISORIO EN PAQUETE NRO. 144202337
causas-civil	20	ARCHIVO PROVISORIO - A ARCHIVO PROVISORIO EN PAQUETE NRO. 144202338
causas-civil	20	ARCHIVO PROVISORIO - A ARCHIVO PROVISORIO EN PAQUETE NRO. 144202339
causas-civil	20	ARCHIVO PROVISORIO - A ARCHIVO PROVISORIO EN PAQUETE NRO. 14420234
causas-civil	20	ARCHIVO PROVISORIO - A ARCHIVO PROVISORIO EN PAQUETE NRO. 144202341
causas-civil	20	ARCHIVO PROVISORIO - A ARCHIVO PROVISORIO EN PAQUETE NRO. 144202342
causas-civil	20	ARCHIVO PROVISORIO - A ARCHIVO PROVISORIO EN PAQUETE NRO. 144202345
causas-civil	20	ARCHIVO PROVISORIO - A ARCHIVO PROVISORIO EN PAQUETE NRO. 144202348
causas-civil	20	ARCHIVO PROVISORIO - A ARCHIVO PROVISORIO EN PAQUETE NRO. 14420235
causas-civil	20	EJECUCION FISCAL
causas-civil	20	SIN DEFINIR - ACREDITA DILIGENCIAMIENTO
causas-comercial	86222	INICIO / DEMANDA
causas-comercial	12665	ARCHIVESE
causas-comercial	11381	RESOLUCION DE CAMARA
causas-comercial	9920	SIN DEFINIR
causas-comercial	6918	EN LETRA
causas-comercial	4588	DEVOLUCION - CIERRE DE RECURSO
causas-comercial	3902	EN DESPACHO
causas-comercial	2178	APERTURA RECURSO: HONORARIOS
causas-comercial	1933	TRABA DE LITIS: CONTESTACION DE DEMANDA
causas-comercial	1517	LLAMAMIENTO DE AUTOS A SENTENCIA - ART 483 CPCCN
causas-comercial	1450	SENTENCIA
causas-comercial	1300	PRUEBA SOBRE HECHOS CONDUCENTES, ALEGADOS Y CONTROVERTIDOS - AUTO DE APERTURA A PRUEBA
causas-comercial	1298	RESOL. QUE PONE FIN AL LITIGIO: CADUCIDAD DE LA INSTANCIA
causas-comercial	1219	EJECUCION DE SENTENCIA
causas-comercial	1194	PARALIZADO
causas-comercial	1059	AUDIENCIA PRELIMINAR - ART. 360 CPCCN
causas-comercial	1026	INTIMACION CUMPLIMIENTO OBLIGATORIO
causas-comercial	894	APERTURA RECURSO - RELACION
causas-comercial	812	MEMORIAL: PRESENTA MEMORIAL
causas-comercial	710	SENTENCIA DE CAMARA
causas-comercial	665	RESOL. QUE PONE FIN AL LITIGIO: CONCILIACION/HOMOLOGACION
causas-comercial	651	MEMORIAL: CONTESTA MEMORIAL
causas-comercial	587	ALEGATOS
causas-comercial	570	DEVOLUCION
causas-comercial	437	TRABA DE LITIS: CONTESTACION DE DEMANDA CON EXCEPCIONES PREVIAS
causas-comercial	403	ACUERDO TRANSACCIONAL HOMOLOGADO
causas-comercial	349	SACADO DE PARALIZADO
causas-comercial	337	RESOL. QUE PONE FIN AL LITIGIO: DESISTIMIENTO DEL DERECHO O DEL PROCESO
causas-comercial	327	TRABA DE LITIS: REBELDIA Y/O TENER POR NO CONTESTADA DEMANDA
causas-comercial	277	CONCLUSION DE LA CAUSA PARA DEFINITIVA (ART. 482)
causas-comercial	251	APERTURA RECURSO - LIBRE
causas-comercial	208	CONFRONTE
causas-comercial	197	TRABA DE LITIS: PREPARACION VIA EJECUTIVA
causas-comercial	168	INICIO
causas-comercial	167	INFORME GENERAL
causas-comercial	147	INFORME INDIVIDUAL
causas-comercial	143	RESOL. QUE PONE FIN AL LITIGIO: DECLARACION DE INCOMPETENCIA E INHIBITORIA
causas-comercial	139	DESARCHIVO/REINGRESO
causas-comercial	133	RESOLUCION VERIFICATORIA
causas-comercial	130	DECLARACION DE PURO DERECHO
causas-comercial	117	RECURSO EXTRAORDINARIO: PRESENTACION
causas-comercial	109	PEDIDO DE QUIEBRA POR ACREEDOR: QUIEBRA
causas-comercial	104	CONFECCION CEDULA
causas-comercial	99	RECURSO EXTRAORDINARIO - RESOLUCION RECHAZA
causas-comercial	94	CIRCULACION DE LA CAUSA
causas-comercial	88	RESOL. QUE PONE FIN AL LITIGIO: TRANSACCION
causas-comercial	82	FALLO FAL
causas-comercial	76	ACUERDO
causas-comercial	71	PEDIDO DE QUIEBRA - POR DEUDOR: CITACION A DAR EXPLICACIONES
causas-comercial	59	RECURSO EXTRAORDINARIO - CONTESTACION RECURSO EXTRAORDINARIO
causas-comercial	50	QUIEBRA: CLAUSURA DE LOS PROCEDIMIENTOS - FALTA DE ACTIVO
causas-comercial	50	SENTENCIA DE PRIMERA INSTANCIA
causas-comercial	48	ARCHIVO PROVISORIO - A ARCHIVO PROVISORIO EN PAQUETE NRO. 4081202239
causas-comercial	48	ARCHIVO PROVISORIO - A ARCHIVO PROVISORIO EN PAQUETE NRO. 4081202263
causas-comercial	48	ARCHIVO PROVISORIO - A ARCHIVO PROVISORIO EN PAQUETE NRO. 4081202264
causas-comercial	38	PEDIDO DE QUIEBRA - POR DEUDOR: RESOLUCION - QUIEBRA
causas-comercial	33	RESOLUCION DE CATEGORIZACION
causas-comercial	30	HOMOLOGACION
causas-comercial	30	RECURSO EXTRAORDINARIO - RESOLUCION CONCEDE
causas-comercial	29	PEDIDO DE RECAUDOS: APERTURA
causas-comercial	24	SIN DEFINIR - ORDEN DE ARCHIVO
causas-comercial	23	VUELTA A MEDIACION
causas-segsocial	211646	INICIO / DEMANDA
causas-segsocial	189377	INICIO TRAMITE
causas-segsocial	101413	TRASLADO
causas-segsocial	63381	ART 259 DEL C.P.C.N
causas-segsocial	50221	RECURSO EXTRAORDINARIO: PRESENTACION
causas-segsocial	30592	DEVOLUCION  ELEVACION
causas-segsocial	29434	CONCESION DEL RECURSO
causas-segsocial	28722	ARCHIVO
causas-segsocial	27788	RECURSO EXTRAORDINARIO - RESOLUCION RECHAZA
causas-segsocial	22947	INICIA
causas-segsocial	21695	TRABA DE LITIS: CONTESTACION DE DEMANDA
causas-segsocial	21274	DECLARAC. DE PURO DERECHO
causas-segsocial	20886	INICIO TRAMITE - INICIADO EN CSS - JUZGADO S. SOCIAL 2
causas-segsocial	20831	INICIO TRAMITE - INICIADO EN CSS - JUZGADO S. SOCIAL 5
causas-segsocial	20595	INICIO TRAMITE - INICIADO EN CSS - JUZGADO S. SOCIAL 1
causas-segsocial	20045	INICIO TRAMITE - INICIADO EN CSS - JUZGADO S. SOCIAL 8
causas-segsocial	19921	INICIO TRAMITE - INICIADO EN CSS - JUZGADO S. SOCIAL 4
causas-segsocial	19744	INICIO TRAMITE - INICIADO EN CSS - JUZGADO S. SOCIAL 9
causas-segsocial	19664	INICIO TRAMITE - INICIADO EN CSS - JUZGADO S. SOCIAL 7
causas-segsocial	19621	INICIO TRAMITE - INICIADO EN CSS - JUZGADO S. SOCIAL 10
causas-segsocial	19221	INICIO TRAMITE - INICIADO EN CSS - JUZGADO S. SOCIAL 6
causas-segsocial	18509	INICIO TRAMITE - INICIADO EN CSS - JUZGADO S. SOCIAL 3
causas-segsocial	18427	EN ETAPA DE EJECUCION
causas-segsocial	15768	RECURSO EXTRAORDINARIO - RESOLUCION CONCEDE
causas-segsocial	15528	PRIMERA PROVIDENCIA
causas-segsocial	13452	RECURSO DE APELACION
causas-segsocial	13311	SENTENCIA FIRME
causas-segsocial	9404	CONFRONTE
causas-segsocial	9338	TRABA DE LITIS: MEDIDAS PARA MEJOR PROVEER
causas-segsocial	9283	RECURSO EXTRAORDINARIO - CONTESTACION RECURSO EXTRAORDINARIO
causas-segsocial	8661	REINGRESO A SALA
causas-segsocial	6533	CONCLUSION DE LA CAUSA PARA DEFINITIVA (ART. 482)
causas-segsocial	5701	ARCHIVO - ARCHIVO DIGITAL
causas-segsocial	5154	DEVOLUCION  ELEVACION - DEVUELTO DE CAMARA DIGITAL
causas-segsocial	4473	DEVOLUCION  ELEVACION - EN SOPORTE DIGITAL
causas-segsocial	4188	INICIO TRAMITE - INICIADO EN CSS - SALA 3
causas-segsocial	4183	INICIO TRAMITE - INICIADO EN CSS - SALA 1
causas-segsocial	3924	INICIO TRAMITE - INICIADO EN CSS - SALA 2
causas-segsocial	3736	ARCHIVO - ARCHIVADO DIGITALMENTE
causas-segsocial	3721	PRUEBA
causas-segsocial	3667	REMISION OTRO JUZGADO
causas-segsocial	3407	DEVOLUCION  ELEVACION - FORMATO DIGITAL
causas-segsocial	2349	ARCHIVO - DIGITAL
causas-segsocial	2115	TRASLADO - TRASLADO 265
causas-segsocial	2050	PRUEBA SOBRE HECHOS CONDUCENTES, ALEGADOS Y CONTROVERTIDOS - AUTO DE APERTURA A PRUEBA
causas-segsocial	2030	ESCRITO A DESPACHO
causas-segsocial	1970	DEVOLUCION  ELEVACION - DEVUELTOS DIGITALMENTE
causas-segsocial	1867	EN ETAPA DE EJECUCION - PASAN ACTUACIONES A SECRETARIA 2.-
causas-segsocial	1845	CONCESION DEL RECURSO - SE PASA A UNIDAD DE ELEVACIóN
causas-segsocial	1658	DESARCHIVADO
causas-segsocial	1610	FALLO FAL
causas-segsocial	1549	EN ETAPA DE EJECUCION - PASAN ACTUACIONES A SECRETARIA N.°2
causas-segsocial	1525	ARCHIVO - EXPEDIENTE DIGITAL
causas-segsocial	1468	ACLARATORIA
causas-segsocial	1426	DESARCHIVADO - DIGITAL
causas-segsocial	1414	TRASLADO - TRASLADO DE DEMANDA
causas-segsocial	1382	ARCHIVO - **ARCHIVADO DIGITAL**
causas-segsocial	1364	DESISTIMENTO DE ACCION
causas-segsocial	1258	DEVOLUCION  ELEVACION - DEVOLUCION DIGITAL
causas-segsocial	1058	ARCHIVESE
causas-segsocial	1005	EN ETAPA DE EJECUCION - ETAPA DE EJECUCIÓN
causas-segsocial	998	INGRESO DE OTRO JUZGADO
causas-segsocial	766	DESARCHIVADO - DESARCHIVADO DIGITALMENTE
causas-segsocial	758	TRABA DE LITIS: CONTESTACION DE DEMANDA CON EXCEPCIONES PREVIAS
causas-segsocial	657	CONCESION DEL RECURSO - RECURSO DE APELACIÓN
causas-segsocial	594	TRABA DE LITIS: CONTESTACION DE EXCEPCIONES PREVIAS
causas-segsocial	538	REINGRESO A JUZGADO
causas-segsocial	516	RECURSO EXTRAORDINARIO - RESOLUCION CONCEDE - CONCEDE ACTORA
causas-segsocial	503	RECURSO EXTRAORDINARIO - RESOLUCION RECHAZA - RECHAZA DEMANDADA
causas-segsocial	501	REMISION OTRO FUERO
causas-segsocial	496	EN LETRA
causas-segsocial	472	CONFRONTE - CONFECCION CEDULA PAPEL PARTE DEMANDADA POR SECRETARIA
causas-segsocial	439	TRASLADO - TRASLADO A LA DEMANDADA
causas-segsocial	429	EXPTE. PARALIZADO - PAR - DIGITAL
causas-segsocial	427	INTIMACIONES PREVIAS
causas-segsocial	426	CONFRONTE - OFICIO
causas-segsocial	382	OBJETO CUMPLIDO
causas-segsocial	375	PARALIZADO
causas-segsocial	337	ARCHIVO - ARCHIVO DE LA CAUSA EN FORMATO PAPEL
causas-segsocial	310	RESOLUCION DE CAMARA
causas-segsocial	307	TRASLADO - TRASLADO DE LA DEMANDA
causas-segsocial	305	EN DESPACHO
causas-segsocial	301	SIN DEFINIR
causas-segsocial	289	ALEGATOS
causas-segsocial	264	TRASLADO - TRASLADDO DE LA LIQUIDACIÓN
causas-segsocial	263	ARCHIVO - SE ARCHIVA EXCLUSIVAMENTE EN SOPORTE DIGITAL
causas-segsocial	263	EN ETAPA DE EJECUCION - PASA A LA SECRETARIA 2
causas-segsocial	236	CONCESION DEL RECURSO - RECURSO DE APELACIÓN - DE AMBAS PARTES
causas-segsocial	233	DESARCHIVADO - SE DESARCHIVA DIGITALMENTE
causas-segsocial	223	DEVOLUCION ELEVACION
causas-segsocial	217	ACUERDO
causas-segsocial	202	CONCESION DEL RECURSO - RECURSOS DE APELACIÓN
causas-segsocial	194	CONFRONTE - MANDAMIENTO
causas-segsocial	183	DEVOLUCION  ELEVACION - DEVOLUCIóN DIGITAL
causas-segsocial	178	RECURSO EXTRAORDINARIO - RESOLUCION RECHAZA - DDA.
causas-segsocial	167	EXPEDIENTE RESUELTO REMIT
causas-segsocial	165	INTIMACION CUMPLIMIENTO OBLIGATORIO
causas-segsocial	159	SENTENCIA DE CAMARA
causas-segsocial	142	RECURSO EXTRAORDINARIO - RESOLUCION CONCEDE - ACTOR
causas-segsocial	139	ACLARATORIA - ACLARATORIA DE SENTENCIA DE FECHA
causas-segsocial	137	CONCESION DEL RECURSO - RECURSO - PARTE DEMANDADA
causas-segsocial	129	LLAMAMIENTO DE AUTOS A SENTENCIA - ART 483 CPCCN
causas-segsocial	116	APERTURA A PRUEBA - APERTURA A PRUEBA
causas-segsocial	114	DEVOLUCION  ELEVACION - DEVUELTO DIGITAL
causas-segsocial	114	TRABA DE LITIS: REBELDIA Y/O TENER POR NO CONTESTADA DEMANDA
causas-segsocial	106	DESARCHIVADO - DESARCHIVADO DIGITALMENTE.
causas-segsocial	100	RESOL. QUE PONE FIN AL LITIGIO: CADUCIDAD DE LA INSTANCIA
causas-segsocial	99	A LA OFICINA
causas-segsocial	98	CONFRONTE - MANDAMIENTO A CONFRONTE
causas-segsocial	97	CIRCULACION DE LA CAUSA
causas-segsocial	96	INICIO TRAMITE - INICIADO EN CSS - SECRETARIA GENERAL - MESA RECEPTORA WEB
causas-segsocial	96	RECURSO EXTRAORDINARIO - RESOLUCION CONCEDE - CONCEDE PBU ACTORA
causas-segsocial	94	INICIO TRAMITE - 23.08.2019
causas-segsocial	89	INICIO TRAMITE - INICIO DE CAUSA
causas-segsocial	86	DESARCHIVADO - DESARCHIVO DIGITAL
causas-segsocial	86	RESOL. QUE PONE FIN AL LITIGIO: DECLARACION DE INCOMPETENCIA E INHIBITORIA
causas-segsocial	85	APERTURA RECURSO - LIBRE
causas-segsocial	82	DEVOLUCION - CIERRE DE RECURSO
causas-segsocial	81	RECURSO EXTRAORDINARIO - RESOLUCION CONCEDE - CONCEDE ACTORA Y DEMANDADA
causas-segsocial	80	DEVOLUCION
causas-segsocial	80	PARA DECRETAR
causas-segsocial	74	DEVOLUCION  ELEVACION - DEVOLUCION DIGITALMENTE
causas-segsocial	73	ARCHIVO - LEG Nº
causas-segsocial	70	ACLARATORIA - ACLARATORIA
causas-segsocial	70	RECURSO EXTRAORDINARIO - RESOLUCION CONCEDE - ACTORA
causas-segsocial	68	CASILLERO PASES
causas-segsocial	67	RECURSO DE REPOSICION
causas-segsocial	64	RECURSO EXTRAORDINARIO - RESOLUCION RECHAZA - ACTOR Y DDA.
causas-segsocial	58	CONFRONTE - PARA LLEVAR A LA OFICINA DE MANDAMIENTOS POR SECRETARIA
causas-segsocial	55	CONFRONTE - CEDULA A CONFRONTE
causas-segsocial	54	INICIO
causas-segsocial	53	TRASLADO - TRASLADO DE PURO DERECHO
causas-segsocial	51	ARCHIVO - LEGAJO Nº3208
causas-segsocial	51	ARCHIVO - SEC. 2 - LEGAJO Nº   17/20
causas-segsocial	51	CONCESION DEL RECURSO - RECURSO - PARTE ACTORA
causas-segsocial	50	INGRESO DE OTRO FUERO
causas-segsocial	49	INICIO TRAMITE - 05.07.2019
causas-segsocial	49	RECURSO EXTRAORDINARIO - RESOLUCION RECHAZA - RECHAZA RIPTE DDA - BLANCO
causas-segsocial	46	DEVOLUCION ELEVACION - DEVUELTO DE CAMARA DIGITAL
causas-segsocial	46	EXPTE. PARALIZADO
causas-segsocial	45	ARCHIVO - LEGAJO Nº3216
causas-segsocial	45	DECLARACION DE PURO DERECHO
causas-segsocial	44	INICIO TRAMITE - 07.05.2019
causas-segsocial	43	TRASLADO - DE LA IMPUGNACIÓN TRASLADO
causas-segsocial	42	CONFRONTE - CEDULA
causas-segsocial	41	INICIO TRAMITE - 16.07.2019
causas-segsocial	40	ARCHIVO - ARCHIVO SECRETARIA 2 LEGAJO:      852/19
causas-segsocial	40	ARCHIVO - LEGAJO Nº3168
causas-segsocial	40	DEVOLUCION ELEVACION - FORMATO DIGITAL
causas-segsocial	40	EXPEDIENTE RESUELTO INGRE
causas-segsocial	39	DEVOLUCION ELEVACION - DEVUELTOS DIGITALMENTE
causas-segsocial	39	DEX
causas-segsocial	39	INICIO TRAMITE - INICIADO EN CSS - JUZGADO FEDERAL DE LA SEGURIDAD SOCIAL - FERIA
causas-segsocial	38	ACUMULANTE
causas-segsocial	38	ARCHIVO - LEGAJO Nº3181
causas-segsocial	37	ARCHIVO - LEG. NRO.4430
causas-segsocial	37	ARCHIVO - LEG. NRO.4452
causas-segsocial	37	INICIO TRAMITE - 24.09.2019
causas-segsocial	36	ARCHIVO - LEGAJO Nº 3262
causas-segsocial	35	A LA FIRMA DEL JUEZ
causas-segsocial	35	ARCHIVO - LEG Nº74/25
causas-segsocial	35	DEVOLUCION  ELEVACION - DIGITAL
causas-segsocial	35	DEVOLUCION ELEVACION - EN SOPORTE DIGITAL
causas-segsocial	33	ARCHIVO - LEGAJO 2469
causas-segsocial	33	DEVOLUCION  ELEVACION - SE RECIBEN DIGITALMENTE LAS ACTUACIONES
causas-segsocial	32	ARCHIVO - ARCHIVO SECRETARIA 2 LEGAJO:      851/19
causas-segsocial	32	ARCHIVO - LEG Nº39/2026
causas-segsocial	32	ARCHIVO - LEG. NRO.4457
causas-segsocial	32	CONFRONTE OFICIO
causas-segsocial	32	REMIT. AD EFECTUM VIDENDI
causas-segsocial	31	A LA FIRMA
causas-segsocial	31	ARCHIVO - LEG Nº 8/26
causas-segsocial	31	DEVOLUCION  ELEVACION - DEVUELTO DIGITALMENTE
causas-segsocial	31	DEVOLUCION  ELEVACION - TRAMITA EN SECRETARIA 2
causas-segsocial	30	ARCHIVO - LEG Nº 31/26
causas-segsocial	30	ARCHIVO - LEGAJO Nº 3260
causas-segsocial	29	APERTURA A PRUEBA
causas-segsocial	29	ARCHIVO - ARCHIVO SECRETARIA 2 LEGAJO:  543/19
causas-segsocial	29	ARCHIVO - LEG Nº 63
causas-segsocial	29	ARCHIVO - LEGAJO Nº 3263
causas-segsocial	28	ACUMULADO
causas-segsocial	28	ARCHIVO - LEG Nº 08/2025
causas-segsocial	28	ARCHIVO - LEG. NRO.4455
causas-segsocial	28	PREPAR PARA PASES O CONFECC CED/OFI
causas-segsocial	27	ARCHIVO - ARCHIVO SECRETARIA 2 LEGAJO: 355     /19
causas-segsocial	27	ARCHIVO - LEG Nº 47/25
causas-segsocial	27	ARCHIVO - LEG Nº 64
causas-segsocial	27	ARCHIVO - LEGAJO 2477
causas-segsocial	27	ARCHIVO - LEGAJO Nº3194
causas-segsocial	26	ARCHIVO - LEG Nº 09/2025
causas-segsocial	26	ARCHIVO - LEGAJO Nº3240
causas-segsocial	26	EN ETAPA DE EJECUCION - SE PASAN ACTUACIONES A SECRETARIA 2.-
causas-segsocial	25	ARCHIVO - ARCHIVO SECRETARIA 2 LEGAJO:     546/19
causas-segsocial	25	ARCHIVO - LEG Nº35/25
causas-segsocial	25	ARCHIVO - LEG. NRO.4479
causas-segsocial	25	PARA NOTIFICAR POR SECRETARIA
causas-segsocial	25	TRASLADO - TRASLADO DE LIQUIDACON DE HONORARIOS
causas-segsocial	25	TRASLADO - TRASLADO DEL PEDIDO DE CADUCIDAD
causas-segsocial	24	APERTURA RECURSO - RELACION
causas-segsocial	24	ARCHIVO - LEG Nº 13/26
causas-segsocial	24	ARCHIVO - LEG Nº 37/2026
causas-segsocial	24	ARCHIVO - LEG Nº22/25
causas-segsocial	24	ARCHIVO - LEG Nº27/2025
causas-segsocial	24	ARCHIVO - LEG. NRO.4451
causas-segsocial	24	ARCHIVO - LEG. NRO.4469
causas-segsocial	24	ARCHIVO - LEGAJO Nº 3259
causas-segsocial	24	ARCHIVO - LEGAJO Nº3169
causas-segsocial	24	ARCHIVO - LEGAJO Nº3209
causas-segsocial	23	ARCHIVO - DIGITAL 63
causas-segsocial	23	ARCHIVO - LEG Nº 110/2025
causas-segsocial	23	ARCHIVO - LEG Nº 19/26
causas-segsocial	23	ARCHIVO - LEG Nº 35/2026
causas-segsocial	23	ARCHIVO - LEG Nº31/25
causas-segsocial	23	ARCHIVO - LEG Nº78/25
causas-segsocial	23	ARCHIVO - LEG. NRO.4437
causas-segsocial	23	ARCHIVO - LEG. NRO.4458
causas-segsocial	23	ARCHIVO - LEGAJO Nº3184
causas-segsocial	23	CONFRONTE - OFICIO A CONFRONTE
causas-segsocial	22	ARCHIVO - LEG Nº 112/25
causas-segsocial	22	ARCHIVO - LEG Nº77
causas-segsocial	22	ARCHIVO - LEG Nº77/25
causas-segsocial	22	ARCHIVO - LEGAJO Nº 3264
causas-segsocial	22	DESARCHIVADO - SE DESARCHIVA DIGITALMENTE ACTUACIONES.
causas-segsocial	22	EJECUCION DE SENTENCIA
causas-segsocial	21	ARCHIVO - ARCHIVO SECRETARIA 2 LEGAJO:  357    /19
causas-segsocial	21	ARCHIVO - LEG Nº 27/26
causas-segsocial	21	ARCHIVO - LEG Nº 61
causas-segsocial	21	ARCHIVO - LEG Nº 62
causas-segsocial	21	ARCHIVO - LEG Nº 69
causas-segsocial	21	ARCHIVO - LEG Nº 73
causas-segsocial	21	ARCHIVO - LEG Nº 98/25
causas-segsocial	21	ARCHIVO - LEG Nº46/25
causas-segsocial	21	ARCHIVO - LEG. NRO. 4473
causas-segsocial	21	ARCHIVO - LEG. NRO.4432
causas-segsocial	21	ARCHIVO - LEG. NRO.4442
causas-segsocial	21	ARCHIVO - LEGAJO Nº3239
causas-segsocial	21	ARCHIVO - PAQUETE 63
causas-segsocial	21	DESARCHIVADO - EL EXPEDIENTE EN SOPORTE PAPEL SIGUE ARCHIVADO. CONTINÚA EJECUCIÓN EN FORMATO DIGITAL
causas-segsocial	21	DESARCHIVADO - SE DESARCHIVA DIGITALMENTE - EL EXPEDIENTE FISICO CONTINUA EN EL ARCHIVO BAJO EL MISM
causas-segsocial	20	ARCHIVO - LEG Nº 103/25
causas-segsocial	20	ARCHIVO - LEG Nº 117/25
causas-segsocial	20	ARCHIVO - LEG Nº 60
causas-segsocial	20	ARCHIVO - LEG Nº 76/25
causas-segsocial	20	ARCHIVO - LEG Nº 90/25
causas-segsocial	20	ARCHIVO - LEG Nº33/25
causas-segsocial	20	ARCHIVO - LEG. NRO.4453
causas-segsocial	20	ARCHIVO - LEG. NRO.4463
causas-segsocial	20	ARCHIVO PROVISORIO - A ARCHIVO PROVISORIO EN PAQUETE NRO. 48792019210
causas-segsocial	20	DESARCHIVADO - VIRTUALMENTE. EL EXPEDIENTE SOPORTE PAPEL SE MANTIENE EN EL LEGAJO ASIGNADO
causas-segsocial	20	MEMORIAL: CONTESTA MEMORIAL
causas-trabajo	475986	INICIO / DEMANDA
causas-trabajo	336129	EN LETRA
causas-trabajo	281477	PRUEBA SOBRE HECHOS CONDUCENTES, ALEGADOS Y CONTROVERTIDOS - AUTO DE APERTURA A PRUEBA
causas-trabajo	189599	EJECUCION DE SENTENCIA
causas-trabajo	162278	LLAMAMIENTO DE AUTOS A SENTENCIA - ART 483 CPCCN
causas-trabajo	132109	EN DESPACHO
causas-trabajo	107432	FINALIZACION ETAPA - SENTENCIA DEFINITIVA
causas-trabajo	92636	ARCHIVESE
causas-trabajo	89502	FINALIZACION ETAPA - SENTENCIA INTERLOCUTORIA - FINALIZACION ETAPA - SENTENCIA INTERLOCUTORIA
causas-trabajo	83784	SIN DEFINIR
causas-trabajo	76815	TRABA DE LITIS: CONTESTACION DE DEMANDA
causas-trabajo	72605	ALEGATOS
causas-trabajo	67880	RESOL. QUE PONE FIN AL LITIGIO: CONCILIACION/HOMOLOGACION
causas-trabajo	58291	SENTENCIA DE CAMARA
causas-trabajo	57344	INICIO
causas-trabajo	21415	TRABA DE LITIS: MEDIDAS PARA MEJOR PROVEER
causas-trabajo	18878	TRABA DE LITIS: NOTIFICACION DE DEMANDA
causas-trabajo	15974	SENTENCIA
causas-trabajo	11943	RESOL. QUE PONE FIN AL LITIGIO: DECLARACION DE INCOMPETENCIA E INHIBITORIA
causas-trabajo	10563	EJECUCION FISCAL
causas-trabajo	8250	DEVOLUCION - CIERRE DE RECURSO
causas-trabajo	7484	DEVOLUCION
causas-trabajo	6759	MEMORIAL: PRESENTA MEMORIAL
causas-trabajo	6418	RECURSO EXTRAORDINARIO: PRESENTACION
causas-trabajo	5192	MEMORIAL: CONTESTA MEMORIAL
causas-trabajo	5161	FINALIZACION ETAPA - SENTENCIA INTERLOCUTORIA
causas-trabajo	3831	CONCLUSION DE LA CAUSA PARA DEFINITIVA (ART. 482)
causas-trabajo	3492	TRABA DE LITIS: REBELDIA Y/O TENER POR NO CONTESTADA DEMANDA
causas-trabajo	3378	RESOL. QUE PONE FIN AL LITIGIO: DESISTIMIENTO DEL DERECHO O DEL PROCESO
causas-trabajo	3142	TRABA DE LITIS: CONTESTACION DE DEMANDA CON EXCEPCIONES PREVIAS
causas-trabajo	2511	APERTURA RECURSO - LIBRE
causas-trabajo	2373	EN DESPACHO - CON ESCRITO
causas-trabajo	2369	ACUERDO TRANSACCIONAL HOMOLOGADO
causas-trabajo	2271	EN DESPACHO - DESPACHO
causas-trabajo	2162	RECURSO EXTRAORDINARIO - CONTESTACION RECURSO EXTRAORDINARIO
causas-trabajo	2071	SENTENCIA EJECUCION FISCAL
causas-trabajo	1820	EN LETRA - CASILLERO
causas-trabajo	1702	EN DESPACHO - FABIO
causas-trabajo	1658	EN DESPACHO - AL NRO
causas-trabajo	1484	EN DESPACHO - Nº
causas-trabajo	1279	INTIMACION CUMPLIMIENTO OBLIGATORIO
causas-trabajo	1251	EN DESPACHO - VI
causas-trabajo	1161	EN DESPACHO - 9
causas-trabajo	1100	EN DESPACHO - CR
causas-trabajo	1033	EN DESPACHO - INICIO
causas-trabajo	995	EN DESPACHO - M
causas-trabajo	990	EN DESPACHO - ESC (SO)
causas-trabajo	936	RECURSO EXTRAORDINARIO - RESOLUCION RECHAZA
causas-trabajo	923	EN DESPACHO - PROSEC
causas-trabajo	897	EN DESPACHO - AN
causas-trabajo	822	EN DESPACHO - GLADYS
causas-trabajo	798	EN CONFRONTE
causas-trabajo	780	EN DESPACHO - NUMERO
causas-trabajo	676	RESOL. QUE PONE FIN AL LITIGIO: CADUCIDAD DE LA INSTANCIA
causas-trabajo	632	EN DESPACHO - A ALE
causas-trabajo	620	EN DESPACHO - NVO
causas-trabajo	602	EN CONFRONTE - VICTORIA
causas-trabajo	601	EN CONFRONTE - N
causas-trabajo	588	EN DESPACHO - 4
causas-trabajo	586	EN DESPACHO - 1
causas-trabajo	582	EN DESPACHO - AL NUMERO
causas-trabajo	581	EN DESPACHO - DESPACHO 3
causas-trabajo	563	EN DESPACHO - NRO.
causas-trabajo	556	PARALIZADO
causas-trabajo	555	DESARCHIVO/REINGRESO
causas-trabajo	547	EN CONFRONTE - C
causas-trabajo	542	EN DESPACHO - UP
causas-trabajo	541	EN CONFRONTE - MARINA
causas-trabajo	538	EN DESPACHO - N
causas-trabajo	522	EN DESPACHO - GI
causas-trabajo	505	EN DESPACHO - C
causas-trabajo	493	RESOLUCION DE CAMARA
causas-trabajo	485	EN DESPACHO - MARCELA
causas-trabajo	466	EN CONFRONTE - CE
causas-trabajo	459	EN DESPACHO - DESPACHO ANGIE
causas-trabajo	445	EN DESPACHO - REVISAR REQUISITOS ART. 65
causas-trabajo	435	EN DESPACHO - E
causas-trabajo	435	PRUEBA SOBRE HECHOS CONDUCENTES, ALEGADOS Y CONTROVERTIDOS - EVALUACION ART. 42 LEY 26657 (EX ART. 1
causas-trabajo	424	EN DESPACHO - VE
causas-trabajo	408	EN DESPACHO - FABIO NUEVOS
causas-trabajo	402	EN DESPACHO - 06
causas-trabajo	402	EN DESPACHO - BT
causas-trabajo	396	EN DESPACHO - DESPACHO 1
causas-trabajo	395	RESOL. QUE PONE FIN AL LITIGIO: COSA JUZGADA
causas-trabajo	392	EN DESPACHO - FA
causas-trabajo	392	EN DESPACHO - MARIANA
causas-trabajo	385	SACADO DE PARALIZADO
causas-trabajo	381	EN DESPACHO - DESPACHO 2
causas-trabajo	375	EN DESPACHO - FABIAN
causas-trabajo	374	RECURSO EXTRAORDINARIO - RESOLUCION CONCEDE
causas-trabajo	368	ARCHIVO PROVISORIO - A ARCHIVO PROVISORIO EN PAQUETE NRO. 4491202259
causas-trabajo	368	ARCHIVO PROVISORIO - A ARCHIVO PROVISORIO EN PAQUETE NRO. 4491202261
causas-trabajo	354	EN DESPACHO - INICIO COPIA PDF
causas-trabajo	338	EXCEPCIONES PREVIAS
causas-trabajo	332	EN DESPACHO - LB
causas-trabajo	331	EN DESPACHO - NOTIFICAR
causas-trabajo	327	EN DESPACHO - PARA ABRIR A PRUEBA
causas-trabajo	318	PRUEBA SOBRE HECHOS CONDUCENTES, ALEGADOS Y CONTROVERTIDOS - AUTO DE APERTURA A PRUEBA - PARCIAL
causas-trabajo	310	FALLO FAL
causas-trabajo	309	EN DESPACHO - IMPAR
causas-trabajo	300	ARCHIVO PROVISORIO - A ARCHIVO PROVISORIO EN PAQUETE NRO. 4490202017
causas-trabajo	293	EN DESPACHO - MAD
causas-trabajo	291	EN DESPACHO - AL Nº
causas-trabajo	290	EN DESPACHO - PAR
causas-trabajo	289	RESOL. QUE PONE FIN AL LITIGIO: PRESCRIPCION
causas-trabajo	278	APERTURA RECURSO - RELACION
causas-trabajo	276	ARCHIVO PROVISORIO - A ARCHIVO PROVISORIO EN PAQUETE NRO. 4491202217
causas-trabajo	276	ARCHIVO PROVISORIO - A ARCHIVO PROVISORIO EN PAQUETE NRO. 4491202237
causas-trabajo	272	EN DESPACHO - VF
causas-trabajo	270	EN DESPACHO - AL
causas-trabajo	266	EN DESPACHO - EF
causas-trabajo	265	EN DESPACHO - 7
causas-trabajo	265	EN DESPACHO - LP
causas-trabajo	263	EN DESPACHO - NRO
causas-trabajo	257	EN DESPACHO - A MARCELA
causas-trabajo	256	EN DESPACHO - B
causas-trabajo	256	EN DESPACHO - PARA NOTIFICAR
causas-trabajo	256	EN DESPACHO - PATO Nº
causas-trabajo	255	EN DESPACHO - AP
causas-trabajo	250	ARCHIVO PROVISORIO - A ARCHIVO PROVISORIO EN PAQUETE NRO. 4421202052
causas-trabajo	250	ARCHIVO PROVISORIO - A ARCHIVO PROVISORIO EN PAQUETE NRO. 4421202053
causas-trabajo	246	FINALIZACION ETAPA - COMPUTABLE
causas-trabajo	242	EN DESPACHO - DS
causas-trabajo	237	ARCHIVO PROVISORIO - A ARCHIVO PROVISORIO EN PAQUETE NRO. 44772023120
causas-trabajo	237	ARCHIVO PROVISORIO - A ARCHIVO PROVISORIO EN PAQUETE NRO. 44772023123
causas-trabajo	237	ARCHIVO PROVISORIO - A ARCHIVO PROVISORIO EN PAQUETE NRO. 44772023132
causas-trabajo	236	EN CONFRONTE - A
causas-trabajo	235	EN DESPACHO - A SECRETARIA
causas-trabajo	234	EN DESPACHO - DESPACHO INICIO
causas-trabajo	234	EN DESPACHO - VISTA FISCAL
causas-trabajo	230	EN DESPACHO - FE
causas-trabajo	230	EN DESPACHO - LAURA
causas-trabajo	228	EN DESPACHO - GP
causas-trabajo	227	EN DESPACHO - BEV
causas-trabajo	224	EN DESPACHO - PRO
causas-trabajo	223	EN DESPACHO - VIR
causas-trabajo	219	ARCHIVO PROVISORIO - A ARCHIVO PROVISORIO EN PAQUETE NRO. 4429202517
causas-trabajo	219	EN DESPACHO - A LC PARA CF
causas-trabajo	217	EN DESPACHO - PASE AL NUMERO
causas-trabajo	216	EN DESPACHO - PABLO
causas-trabajo	211	ACUERDO
causas-trabajo	211	EN LETRA - TRANSFERENCIA VALIDADA
causas-trabajo	210	TRABA DE LITIS: CONTESTACION DE EXCEPCIONES PREVIAS
causas-trabajo	208	EN DESPACHO - EC
causas-trabajo	208	EN DESPACHO - ESC (M)
causas-trabajo	206	EN DESPACHO - SANDRA/MARIANA
causas-trabajo	205	EN DESPACHO - AL Nª
causas-trabajo	204	EN DESPACHO - DESPACHO 6
causas-trabajo	203	EN DESPACHO - PN CRIS
causas-trabajo	200	ARCHIVO PROVISORIO - A ARCHIVO PROVISORIO EN PAQUETE NRO. 4421202051
causas-trabajo	200	ARCHIVO PROVISORIO - A ARCHIVO PROVISORIO EN PAQUETE NRO. 449020203
causas-trabajo	200	ARCHIVO PROVISORIO - A ARCHIVO PROVISORIO EN PAQUETE NRO. 4490202281
causas-trabajo	200	ARCHIVO PROVISORIO - A ARCHIVO PROVISORIO EN PAQUETE NRO. 4490202288
causas-trabajo	200	EN DESPACHO - AT
causas-trabajo	200	EN DESPACHO - SORTEO
causas-trabajo	196	EN LETRA - RECIBIDO DE FISCALIA Nº8
causas-trabajo	195	EN CONFRONTE - GABRIELA
causas-trabajo	192	EN DESPACHO - 8
causas-trabajo	188	EN DESPACHO - PAOLA
causas-trabajo	184	ARCHIVO PROVISORIO - A ARCHIVO PROVISORIO EN PAQUETE NRO. 4491202240
causas-trabajo	184	ARCHIVO PROVISORIO - A ARCHIVO PROVISORIO EN PAQUETE NRO. 4491202251
causas-trabajo	184	ARCHIVO PROVISORIO - A ARCHIVO PROVISORIO EN PAQUETE NRO. 4491202262
causas-trabajo	184	EN DESPACHO - SOL
causas-trabajo	183	EN DESPACHO - A
causas-trabajo	182	EN DESPACHO - ALE
causas-trabajo	182	EN DESPACHO - DP COR
causas-trabajo	180	EN DESPACHO - AL NÚMERO
causas-trabajo	175	EN CONFRONTE - ANEXO
causas-trabajo	175	EN DESPACHO - S
causas-trabajo	172	EN DESPACHO - MARIA PAZ
causas-trabajo	169	EN DESPACHO - SO
causas-trabajo	168	EN DESPACHO - AD
causas-trabajo	167	EN DESPACHO - L
causas-trabajo	164	EN DESPACHO - 2
causas-trabajo	163	MEDIDAS PRECAUTORIAS
causas-trabajo	161	EN DESPACHO - A PROSECRETARIA EN MANO JB
causas-trabajo	161	EN DESPACHO - DESPACHO NUMERO
causas-trabajo	159	EN DESPACHO - NOTIFICAR A LA DEMANDADA POR CéDULA
causas-trabajo	159	PRUEBA SOBRE HECHOS CONDUCENTES, ALEGADOS Y CONTROVERTIDOS - AUTO DE APERTURA A PRUEBA - LETRA DE PR
causas-trabajo	158	ARCHIVO PROVISORIO - A ARCHIVO PROVISORIO EN PAQUETE NRO. 44772023179
causas-trabajo	158	EN DESPACHO - (6;8;9).
causas-trabajo	158	EN DESPACHO - 689
causas-trabajo	158	EN DESPACHO - APERTURA A PRUEBA
causas-trabajo	158	EN DESPACHO - ST
causas-trabajo	156	EN DESPACHO - L.I.
causas-trabajo	153	EN CONFRONTE - SEC
causas-trabajo	153	EN DESPACHO - DE
causas-trabajo	153	EN DESPACHO - FER
causas-trabajo	151	EN DESPACHO - SB
causas-trabajo	150	ARCHIVO PROVISORIO - A ARCHIVO PROVISORIO EN PAQUETE NRO. 4468202111
causas-trabajo	150	ARCHIVO PROVISORIO - A ARCHIVO PROVISORIO EN PAQUETE NRO. 4468202122
causas-trabajo	150	ARCHIVO PROVISORIO - A ARCHIVO PROVISORIO EN PAQUETE NRO. 446820224
causas-trabajo	150	EN DESPACHO - REMISION AL FISCAL
causas-trabajo	146	ARCHIVO PROVISORIO - A ARCHIVO PROVISORIO EN PAQUETE NRO. 4429202533
causas-trabajo	145	EN LETRA - EN EL DIA DE LA FECHA LIBRé EL/LOS GIRO/S ELECTRóNICO/S CONSENTIDO/S HASTA LA FECHA. CONS
causas-trabajo	144	EN DESPACHO - A ALE.
causas-trabajo	143	EN DESPACHO - (2;4;7)
causas-trabajo	140	CIRCULACION DE LA CAUSA
causas-trabajo	140	EN DESPACHO - (1;3;5).
causas-trabajo	139	EN DESPACHO - DESPACHO 10
causas-trabajo	138	EN DESPACHO - TDL
causas-trabajo	137	EN DESPACHO - MR
causas-trabajo	136	EN CONFRONTE - MARTIN
causas-trabajo	136	RESOL. QUE PONE FIN AL LITIGIO: CONCILIACION/HOMOLOGACION - RES. FINAL - CONCILIACIóN - HOMOLOGACIóN
causas-trabajo	135	ARCHIVO PROVISORIO - A ARCHIVO PROVISORIO EN PAQUETE NRO. 44542023202
causas-trabajo	135	EN DESPACHO - DESPACHO 4
causas-trabajo	135	EN DESPACHO - LIA
causas-trabajo	135	EN DESPACHO - MILI
causas-trabajo	133	AUDIENCIA PRELIMINAR - ART. 360 CPCCN
causas-trabajo	130	EN DESPACHO - CV
causas-trabajo	126	EN DESPACHO - JV
causas-trabajo	125	EN DESPACHO - 135
causas-trabajo	125	EN DESPACHO - HR
causas-trabajo	125	EN DESPACHO - RECIBIDO DE FISCALIA Nº8
causas-trabajo	124	EN DESPACHO - MIRTA
causas-trabajo	123	EN DESPACHO - PATO PRUEBA
causas-trabajo	121	EN DESPACHO - FISCAL
causas-trabajo	118	EN DESPACHO - GRA
causas-trabajo	117	EN DESPACHO - 5
causas-trabajo	114	EN DESPACHO - DESPACHO 7
causas-trabajo	112	EN DESPACHO - FRANCO Nº
causas-trabajo	112	EN DESPACHO - URG PAR
causas-trabajo	110	EN DESPACHO - OSCAR
causas-trabajo	108	EN DESPACHO - JM
causas-trabajo	107	EN DESPACHO - A DESPACHO
causas-trabajo	107	SENTENCIA DE PRIMERA INSTANCIA
causas-trabajo	106	EN DESPACHO - DB
causas-trabajo	106	EN DESPACHO - JIMENA
causas-trabajo	104	EN CONFRONTE - A CECI.
causas-trabajo	104	EN DESPACHO - .
causas-trabajo	104	EN DESPACHO - FRANCO
causas-trabajo	103	EN DESPACHO - A MILI
causas-trabajo	103	EN DESPACHO - PAOLA NUEVOS
causas-trabajo	103	TRABA DE LITIS: CONTESTACION DE DEMANDA CON RECONVENCION
causas-trabajo	102	EN DESPACHO - DESPACHO LE
causas-trabajo	102	EN DESPACHO - H
causas-trabajo	101	EN DESPACHO - NOT DDA
causas-trabajo	100	ARCHIVO PROVISORIO - A ARCHIVO PROVISORIO EN PAQUETE NRO. 4468202114
causas-trabajo	100	ARCHIVO PROVISORIO - A ARCHIVO PROVISORIO EN PAQUETE NRO. 4468202117
causas-trabajo	100	ARCHIVO PROVISORIO - A ARCHIVO PROVISORIO EN PAQUETE NRO. 4490202099
causas-trabajo	100	ARCHIVO PROVISORIO - A ARCHIVO PROVISORIO EN PAQUETE NRO. 4490202274
causas-trabajo	100	ARCHIVO PROVISORIO - A ARCHIVO PROVISORIO EN PAQUETE NRO. 4490202280
causas-trabajo	100	ARCHIVO PROVISORIO - A ARCHIVO PROVISORIO EN PAQUETE NRO. 4490202284
causas-trabajo	100	EN DESPACHO - 12
causas-trabajo	100	EN LETRA - VALIDADO
causas-trabajo	99	EN CONFRONTE - NATALIA
causas-trabajo	98	EN DESPACHO - EN PROSECRETARIA NL - ART 67 Y 68
causas-trabajo	96	ARCHIVO PROVISORIO - A ARCHIVO PROVISORIO EN PAQUETE NRO. 44682021159
causas-trabajo	96	ARCHIVO PROVISORIO - A ARCHIVO PROVISORIO EN PAQUETE NRO. 44682021160
causas-trabajo	96	ARCHIVO PROVISORIO - A ARCHIVO PROVISORIO EN PAQUETE NRO. 44682022119
causas-trabajo	96	EN DESPACHO - 247
causas-trabajo	95	EN LETRA - HáGASE SABER QUE SE DIO CUMPLIMIENTO A LA/S LIBRANZA/S ELECTRóNICA DISPUESTA PARA EL DíA
causas-trabajo	93	EN DESPACHO - SEPARADO POR AUDIENCIA
causas-trabajo	92	ARCHIVO PROVISORIO - A ARCHIVO PROVISORIO EN PAQUETE NRO. 44912022104
causas-trabajo	92	ARCHIVO PROVISORIO - A ARCHIVO PROVISORIO EN PAQUETE NRO. 4491202219
causas-trabajo	92	ARCHIVO PROVISORIO - A ARCHIVO PROVISORIO EN PAQUETE NRO. 4491202229
causas-trabajo	92	ARCHIVO PROVISORIO - A ARCHIVO PROVISORIO EN PAQUETE NRO. 4491202231
causas-trabajo	92	ARCHIVO PROVISORIO - A ARCHIVO PROVISORIO EN PAQUETE NRO. 4491202232
causas-trabajo	92	ARCHIVO PROVISORIO - A ARCHIVO PROVISORIO EN PAQUETE NRO. 4491202235
causas-trabajo	92	ARCHIVO PROVISORIO - A ARCHIVO PROVISORIO EN PAQUETE NRO. 4491202236
causas-trabajo	92	ARCHIVO PROVISORIO - A ARCHIVO PROVISORIO EN PAQUETE NRO. 4491202254
causas-trabajo	92	ARCHIVO PROVISORIO - A ARCHIVO PROVISORIO EN PAQUETE NRO. 4491202286
causas-trabajo	92	EN DESPACHO - A GABI
causas-trabajo	92	EN DESPACHO - AL NUMERO NOT
causas-trabajo	92	EN DESPACHO - DESPACHO LP GLADYS
causas-trabajo	92	EN DESPACHO - EN PROSECRETARIA EN MANO NL
causas-trabajo	91	EN CONFRONTE - MI
causas-trabajo	91	EN DESPACHO - 3
causas-trabajo	91	EN DESPACHO - DESPACHO 9
causas-trabajo	90	EN DESPACHO - (1;3;5)
causas-trabajo	90	EN DESPACHO - 6
causas-trabajo	90	EN DESPACHO - DP
causas-trabajo	90	EN DESPACHO - LIITO VISTA FISCAL
causas-trabajo	90	EN DESPACHO - MG
causas-trabajo	90	EN LETRA - VISTA FISCAL
causas-trabajo	89	EN DESPACHO - EN PROSECRETARIA  NL - INICIO
causas-trabajo	89	EN DESPACHO - LAU
causas-trabajo	87	EN DESPACHO - DESPACHO 5
causas-trabajo	87	EN DESPACHO - G/DEP
causas-trabajo	85	EN DESPACHO - P/ABRIR A PRUEBA
causas-trabajo	84	EN DESPACHO - EUGENIA
causas-trabajo	83	EN DESPACHO - CO
causas-trabajo	83	EN DESPACHO - EJECUCION
causas-trabajo	82	EN DESPACHO - D4
causas-trabajo	81	ARCHIVO PROVISORIO - A ARCHIVO PROVISORIO EN PAQUETE NRO. 4454202210
causas-trabajo	81	ARCHIVO PROVISORIO - A ARCHIVO PROVISORIO EN PAQUETE NRO. 4454202255
causas-trabajo	81	ARCHIVO PROVISORIO - A ARCHIVO PROVISORIO EN PAQUETE NRO. 44542023207
causas-trabajo	81	ARCHIVO PROVISORIO - A ARCHIVO PROVISORIO EN PAQUETE NRO. 44542023209
causas-trabajo	81	ARCHIVO PROVISORIO - A ARCHIVO PROVISORIO EN PAQUETE NRO. 44542023210
causas-trabajo	81	EN DESPACHO - INES
causas-trabajo	79	ARCHIVO PROVISORIO - A ARCHIVO PROVISORIO EN PAQUETE NRO. 44772023104
causas-trabajo	79	ARCHIVO PROVISORIO - A ARCHIVO PROVISORIO EN PAQUETE NRO. 44772023105
causas-trabajo	79	ARCHIVO PROVISORIO - A ARCHIVO PROVISORIO EN PAQUETE NRO. 44772023106
causas-trabajo	79	ARCHIVO PROVISORIO - A ARCHIVO PROVISORIO EN PAQUETE NRO. 44772023115
causas-trabajo	79	ARCHIVO PROVISORIO - A ARCHIVO PROVISORIO EN PAQUETE NRO. 44772023118
causas-trabajo	79	ARCHIVO PROVISORIO - A ARCHIVO PROVISORIO EN PAQUETE NRO. 44772023121
causas-trabajo	79	ARCHIVO PROVISORIO - A ARCHIVO PROVISORIO EN PAQUETE NRO. 44772023142
causas-trabajo	79	ARCHIVO PROVISORIO - A ARCHIVO PROVISORIO EN PAQUETE NRO. 44772023144
causas-trabajo	79	ARCHIVO PROVISORIO - A ARCHIVO PROVISORIO EN PAQUETE NRO. 44772023157
causas-trabajo	79	ARCHIVO PROVISORIO - A ARCHIVO PROVISORIO EN PAQUETE NRO. 44772023167
causas-trabajo	79	ARCHIVO PROVISORIO - A ARCHIVO PROVISORIO EN PAQUETE NRO. 44772023171
causas-trabajo	79	ARCHIVO PROVISORIO - A ARCHIVO PROVISORIO EN PAQUETE NRO. 44772023176
causas-trabajo	79	ARCHIVO PROVISORIO - A ARCHIVO PROVISORIO EN PAQUETE NRO. 44772023177
causas-trabajo	79	ARCHIVO PROVISORIO - A ARCHIVO PROVISORIO EN PAQUETE NRO. 44772023186
causas-trabajo	79	ARCHIVO PROVISORIO - A ARCHIVO PROVISORIO EN PAQUETE NRO. 44772023195
causas-trabajo	79	ARCHIVO PROVISORIO - A ARCHIVO PROVISORIO EN PAQUETE NRO. 44772023196
causas-trabajo	78	EN DESPACHO - NM
causas-trabajo	77	EN DESPACHO - AL NRO. 3
causas-trabajo	77	EN DESPACHO - GA
causas-trabajo	77	RESOL. QUE PONE FIN AL LITIGIO: DECLARACION DE INCOMPETENCIA E INHIBITORIA - FALTA DE APTITUD JURISD
causas-trabajo	75	EN DESPACHO - HF
causas-trabajo	74	EN DESPACHO - AL NUMERO 2 PARA RESOLVER
causas-trabajo	74	EN DESPACHO - KE
causas-trabajo	73	APERTURA RECURSO: HONORARIOS
causas-trabajo	73	ARCHIVO PROVISORIO - A ARCHIVO PROVISORIO EN PAQUETE NRO. 4429202415
causas-trabajo	73	ARCHIVO PROVISORIO - A ARCHIVO PROVISORIO EN PAQUETE NRO. 442920242
causas-trabajo	73	ARCHIVO PROVISORIO - A ARCHIVO PROVISORIO EN PAQUETE NRO. 4429202513
causas-trabajo	73	ARCHIVO PROVISORIO - A ARCHIVO PROVISORIO EN PAQUETE NRO. 4429202515
causas-trabajo	73	ARCHIVO PROVISORIO - A ARCHIVO PROVISORIO EN PAQUETE NRO. 4429202518
causas-trabajo	73	ARCHIVO PROVISORIO - A ARCHIVO PROVISORIO EN PAQUETE NRO. 4429202525
causas-trabajo	73	ARCHIVO PROVISORIO - A ARCHIVO PROVISORIO EN PAQUETE NRO. 4429202526
causas-trabajo	73	EN DESPACHO - F
causas-trabajo	73	EN DESPACHO - MARIA
causas-trabajo	73	EN DESPACHO - SS
causas-trabajo	72	EN DESPACHO - REVISAR CAMARA
causas-trabajo	70	EN DESPACHO - A SECRETARIO VER RECURSO
causas-trabajo	70	EN DESPACHO - ELI
causas-trabajo	69	EN DESPACHO - ROMI PRUEBA
causas-trabajo	67	EN DESPACHO - A SORTEO
causas-trabajo	66	EN DESPACHO - ANDREA
causas-trabajo	65	EN DESPACHO - MAR
causas-trabajo	64	ARCHIVO PROVISORIO - A ARCHIVO PROVISORIO EN PAQUETE NRO. 442120218
causas-trabajo	64	CASILLERO PASES
causas-trabajo	64	EN DESPACHO - FQ
causas-trabajo	64	EN DESPACHO - PR - DCHO
causas-trabajo	63	EN DESPACHO - ACCIDENTE-LEY ESPECIAL
causas-trabajo	63	EN DESPACHO - CE
causas-trabajo	62	ARCHIVO PROVISORIO - A ARCHIVO PROVISORIO EN PAQUETE NRO. 44772023207
causas-trabajo	62	ARCHIVO PROVISORIO - A ARCHIVO PROVISORIO EN PAQUETE NRO. 44772023224
causas-trabajo	62	ARCHIVO PROVISORIO - A ARCHIVO PROVISORIO EN PAQUETE NRO. 4477202410
causas-trabajo	62	EN DESPACHO - D1
causas-trabajo	62	EN DESPACHO - DESP
causas-trabajo	62	EN DESPACHO - LC
causas-trabajo	62	EN LETRA - EMISION DE GIRO
causas-trabajo	61	EN CONFRONTE - ABRIR A PRUEBA
causas-trabajo	61	EN DESPACHO - A VERO
causas-trabajo	61	EN DESPACHO - SOR
causas-trabajo	60	ARCHIVO PROVISORIO - A ARCHIVO PROVISORIO EN PAQUETE NRO. 44652021126
causas-trabajo	60	EN DESPACHO - 68 MP
causas-trabajo	60	EN DESPACHO - DESPACHO LP MONI
causas-trabajo	60	EN DESPACHO - DESPACHO MILI
causas-trabajo	60	EN DESPACHO - URG IMPAR
causas-trabajo	59	EN DESPACHO - AL NRO 1
causas-trabajo	59	EN DESPACHO - CON ESC (RRGG)
causas-trabajo	59	EN DESPACHO - COR
causas-trabajo	59	EN DESPACHO - DESPACHO LP
causas-trabajo	59	EN LETRA - OFICIO OBSERVADO
causas-trabajo	58	EN DESPACHO - A LC
causas-trabajo	58	EN DESPACHO - DESPACHO V
causas-trabajo	58	EN DESPACHO - INICIO 13 02
causas-trabajo	58	EN DESPACHO - PAOLA - NOTIFICAR
causas-trabajo	58	EN DESPACHO - SANDRA
causas-trabajo	56	EN DESPACHO - AL NUMERO 3 PARA RESOLVER
causas-trabajo	55	EN DESPACHO - MO GL
causas-trabajo	55	EN LETRA - TRANSFERENCIA VALIDADA OK
causas-trabajo	54	ARCHIVO PROVISORIO - A ARCHIVO PROVISORIO EN PAQUETE NRO. 44542022151
causas-trabajo	54	ARCHIVO PROVISORIO - A ARCHIVO PROVISORIO EN PAQUETE NRO. 44542022277
causas-trabajo	54	ARCHIVO PROVISORIO - A ARCHIVO PROVISORIO EN PAQUETE NRO. 4454202245
causas-trabajo	54	ARCHIVO PROVISORIO - A ARCHIVO PROVISORIO EN PAQUETE NRO. 4454202247
causas-trabajo	54	ARCHIVO PROVISORIO - A ARCHIVO PROVISORIO EN PAQUETE NRO. 4454202252
causas-trabajo	54	ARCHIVO PROVISORIO - A ARCHIVO PROVISORIO EN PAQUETE NRO. 4454202260
causas-trabajo	54	ARCHIVO PROVISORIO - A ARCHIVO PROVISORIO EN PAQUETE NRO. 4454202261
causas-trabajo	54	ARCHIVO PROVISORIO - A ARCHIVO PROVISORIO EN PAQUETE NRO. 4454202267
causas-trabajo	54	ARCHIVO PROVISORIO - A ARCHIVO PROVISORIO EN PAQUETE NRO. 44542023196
causas-trabajo	54	ARCHIVO PROVISORIO - A ARCHIVO PROVISORIO EN PAQUETE NRO. 44542023201
causas-trabajo	54	ARCHIVO PROVISORIO - A ARCHIVO PROVISORIO EN PAQUETE NRO. 44542023208
causas-trabajo	54	ARCHIVO PROVISORIO - A ARCHIVO PROVISORIO EN PAQUETE NRO. 44542023215
causas-trabajo	54	EN DESPACHO - AL RESPONSABLE - APERTURA A PRUEBA
causas-trabajo	54	EN DESPACHO - BUSCAR CONEXIDAD
causas-trabajo	54	EN DESPACHO - CON ESC (ED)
causas-trabajo	54	EN DESPACHO - DGR
causas-trabajo	54	EN DESPACHO - INICIO 18 02
causas-trabajo	54	RESOL. QUE PONE FIN AL LITIGIO: ALLANAMIENTO TOTAL CON CUMPLIMIENTO DE LA PRESTACION
causas-trabajo	53	EN CONFRONTE - ANEXO.
causas-trabajo	53	EN DESPACHO - CON ESC (IN)
causas-trabajo	52	EN DESPACHO - EN SALA DEL NúMERO.
causas-trabajo	52	EN DESPACHO - MV
causas-trabajo	52	EN DESPACHO - QUIEN DESPACHA
causas-trabajo	51	EN DESPACHO - AL NUMERO 1 PARA RESOLVER
causas-trabajo	50	ARCHIVO PROVISORIO - A ARCHIVO PROVISORIO EN PAQUETE NRO. 4421202037
causas-trabajo	50	ARCHIVO PROVISORIO - A ARCHIVO PROVISORIO EN PAQUETE NRO. 4421202042
causas-trabajo	50	ARCHIVO PROVISORIO - A ARCHIVO PROVISORIO EN PAQUETE NRO. 4421202043
causas-trabajo	50	ARCHIVO PROVISORIO - A ARCHIVO PROVISORIO EN PAQUETE NRO. 442120211
causas-trabajo	50	ARCHIVO PROVISORIO - A ARCHIVO PROVISORIO EN PAQUETE NRO. 4421202110
causas-trabajo	50	ARCHIVO PROVISORIO - A ARCHIVO PROVISORIO EN PAQUETE NRO. 4421202113
causas-trabajo	50	ARCHIVO PROVISORIO - A ARCHIVO PROVISORIO EN PAQUETE NRO. 4421202119
causas-trabajo	50	ARCHIVO PROVISORIO - A ARCHIVO PROVISORIO EN PAQUETE NRO. 4421202127
causas-trabajo	50	ARCHIVO PROVISORIO - A ARCHIVO PROVISORIO EN PAQUETE NRO. 442120219
causas-trabajo	50	ARCHIVO PROVISORIO - A ARCHIVO PROVISORIO EN PAQUETE NRO. 446820211
causas-trabajo	50	ARCHIVO PROVISORIO - A ARCHIVO PROVISORIO EN PAQUETE NRO. 4468202110
causas-trabajo	50	ARCHIVO PROVISORIO - A ARCHIVO PROVISORIO EN PAQUETE NRO. 4468202112
causas-trabajo	50	ARCHIVO PROVISORIO - A ARCHIVO PROVISORIO EN PAQUETE NRO. 4468202113
causas-trabajo	50	ARCHIVO PROVISORIO - A ARCHIVO PROVISORIO EN PAQUETE NRO. 4468202118
causas-trabajo	50	ARCHIVO PROVISORIO - A ARCHIVO PROVISORIO EN PAQUETE NRO. 4468202123
causas-trabajo	50	ARCHIVO PROVISORIO - A ARCHIVO PROVISORIO EN PAQUETE NRO. 446820213
causas-trabajo	50	ARCHIVO PROVISORIO - A ARCHIVO PROVISORIO EN PAQUETE NRO. 4468202132
causas-trabajo	50	ARCHIVO PROVISORIO - A ARCHIVO PROVISORIO EN PAQUETE NRO. 4468202136
causas-trabajo	50	ARCHIVO PROVISORIO - A ARCHIVO PROVISORIO EN PAQUETE NRO. 446820217
causas-trabajo	50	ARCHIVO PROVISORIO - A ARCHIVO PROVISORIO EN PAQUETE NRO. 446820221
causas-trabajo	50	EN DESPACHO - (1;3)
causas-trabajo	50	EN DESPACHO - AL NUMERO PARA RESOLVER
causas-trabajo	50	EN DESPACHO - FEDE
causas-trabajo	49	ARCHIVO PROVISORIO - A ARCHIVO PROVISORIO EN PAQUETE NRO. 44502023394
causas-trabajo	49	ARCHIVO PROVISORIO - A ARCHIVO PROVISORIO EN PAQUETE NRO. 44502023441
causas-trabajo	49	EN DESPACHO - AL RESPONSABLE - A CONFRONTE
causas-trabajo	49	EN DESPACHO - RESERVAR SOBRE
causas-trabajo	49	TRABA DE LITIS - CONTESTACION DE RECONVENCION
causas-trabajo	48	ARCHIVO PROVISORIO - A ARCHIVO PROVISORIO EN PAQUETE NRO. 44682021139
causas-trabajo	48	ARCHIVO PROVISORIO - A ARCHIVO PROVISORIO EN PAQUETE NRO. 44682021162
causas-trabajo	48	ARCHIVO PROVISORIO - A ARCHIVO PROVISORIO EN PAQUETE NRO. 44682021181
causas-trabajo	48	ARCHIVO PROVISORIO - A ARCHIVO PROVISORIO EN PAQUETE NRO. 44682021184
causas-trabajo	48	ARCHIVO PROVISORIO - A ARCHIVO PROVISORIO EN PAQUETE NRO. 44682021187
causas-trabajo	48	EN DESPACHO - AL NRO 2 MIRNA
causas-trabajo	48	EN DESPACHO - DESP X CED
causas-trabajo	48	EN DESPACHO - PAZ
causas-trabajo	47	EN DESPACHO - EN PROSECRETARIA EN MANO NL - INICIO
causas-trabajo	47	EN DESPACHO - GUSTAVO QUINTANA VISTA FISCAL
causas-trabajo	47	EN DESPACHO - LUCIA
causas-trabajo	46	EN DESPACHO - A DESP. JUAN X REPROGRAMACIÓN 80
causas-trabajo	46	EN DESPACHO - AD COR
causas-trabajo	46	EN DESPACHO - CNAT
causas-trabajo	46	EN DESPACHO - RT
causas-trabajo	46	EN LETRA - LETRA
causas-trabajo	45	EN CONFRONTE - CEDULA Y DESPACHO
causas-trabajo	45	EN DESPACHO - EN PROSECRETARIA NL 67/68
causas-trabajo	44	EN DESPACHO - DESGLOSE Y RESERVA
causas-trabajo	44	EN DESPACHO - P
causas-trabajo	44	EN DESPACHO - PARA APERTURA A PRUEBA
causas-trabajo	44	EN DESPACHO - ROX
causas-trabajo	43	EN DESPACHO - 6 (RESOLVER )
causas-trabajo	43	EN DESPACHO - A LUCIANA
causas-trabajo	43	EN DESPACHO - JR
causas-trabajo	43	EN DESPACHO - PARA COTEJAR OFICIO
causas-trabajo	43	EN DESPACHO - PATRICIO
causas-trabajo	42	EN CONFRONTE - VISTA FISCAL
causas-trabajo	42	EN DESPACHO - CAR
causas-trabajo	42	EN DESPACHO - CON ESCRITO AGREGADO
causas-trabajo	40	EN DESPACHO - DESPACHO NUMEROS
causas-trabajo	39	DEVOLUCION DE EXHORTO
causas-trabajo	39	EN DESPACHO - -
causas-trabajo	39	EN DESPACHO - (6;8)
causas-trabajo	39	EN DESPACHO - MP 68
causas-trabajo	39	EN DESPACHO - X
causas-trabajo	38	EN CONFRONTE - SACAR IBM
causas-trabajo	38	EN DESPACHO - AF
causas-trabajo	38	EN DESPACHO - EN PROSECRETARIA  NL
causas-trabajo	38	EN DESPACHO - VR
causas-trabajo	38	EN LETRA - JZ
causas-trabajo	38	EN LETRA - TERMINO DE PRUEBA
causas-trabajo	37	EN DESPACHO - LILI
causas-trabajo	37	EN DESPACHO - MARIANA GIRO
causas-trabajo	37	EN DESPACHO - MARIEL
causas-trabajo	37	EN DESPACHO - MIR
causas-trabajo	37	PARA NOTIFICAR POR SECRETARIA
causas-trabajo	36	EN DESPACHO - (5;7)
causas-trabajo	36	EN DESPACHO - A DF CF/AAP/AUD
causas-trabajo	36	EN DESPACHO - DESPACHO 11
causas-trabajo	36	EN DESPACHO - DP CAR
causas-trabajo	36	RESOL. QUE PONE FIN AL LITIGIO: DECLARACION DE INCOMPETENCIA E INHIBITORIA - RES. FINAL - INCOMPETEN
causas-trabajo	35	EN DESPACHO - CECI 1ER AUTO
causas-trabajo	35	EN DESPACHO - DESPACHO POR NOTA
causas-trabajo	35	EN DESPACHO - ESPERO COPIA DIGITAL
causas-trabajo	34	EN CONFRONTE - NICOX 80.
causas-trabajo	34	EN DESPACHO - A CAMARA
causas-trabajo	34	EN DESPACHO - A DESPACHO POR ART  68  NL - INICIO-
causas-trabajo	34	EN DESPACHO - EUGE
causas-trabajo	34	EN DESPACHO - VF EN MANO
causas-trabajo	33	EN DESPACHO - EN MANO
causas-trabajo	33	EN DESPACHO - EUGE GIRO
causas-trabajo	33	EN DESPACHO - SEC
causas-trabajo	32	A LA FIRMA
causas-trabajo	32	EN CONFRONTE - CRISTIAN
causas-trabajo	32	EN DESPACHO - A CLAUDIA NOT
causas-trabajo	32	EN DESPACHO - MERO TRAMITE
causas-trabajo	32	EN DESPACHO - MO GN
causas-trabajo	32	EN DESPACHO - PARA RESOLVER CONEXIDAD (S)
causas-trabajo	31	ARCHIVO PROVISORIO - A ARCHIVO PROVISORIO EN PAQUETE NRO. 44772023205
causas-trabajo	31	ARCHIVO PROVISORIO - A ARCHIVO PROVISORIO EN PAQUETE NRO. 44772023206
causas-trabajo	31	ARCHIVO PROVISORIO - A ARCHIVO PROVISORIO EN PAQUETE NRO. 44772023218
causas-trabajo	31	ARCHIVO PROVISORIO - A ARCHIVO PROVISORIO EN PAQUETE NRO. 44772023220
causas-trabajo	31	ARCHIVO PROVISORIO - A ARCHIVO PROVISORIO EN PAQUETE NRO. 44772023227
causas-trabajo	31	ARCHIVO PROVISORIO - A ARCHIVO PROVISORIO EN PAQUETE NRO. 44772023228
causas-trabajo	31	ARCHIVO PROVISORIO - A ARCHIVO PROVISORIO EN PAQUETE NRO. 44772023229
causas-trabajo	31	EN DESPACHO - A CáMARA
causas-trabajo	31	EN DESPACHO - A CECI.
causas-trabajo	31	EN DESPACHO - EMA 1ER AUTO
causas-trabajo	31	EN DESPACHO - FABIAN GIROS
causas-trabajo	31	EN LETRA - TRANFERENCIA ELECTRONICA REALIZADA
causas-trabajo	30	ARCHIVO PROVISORIO - A ARCHIVO PROVISORIO EN PAQUETE NRO. 44652021149
causas-trabajo	30	ARCHIVO PROVISORIO - A ARCHIVO PROVISORIO EN PAQUETE NRO. 44652021151
causas-trabajo	30	ARCHIVO PROVISORIO - A ARCHIVO PROVISORIO EN PAQUETE NRO. 44652021153
causas-trabajo	30	EN DESPACHO - 10
causas-trabajo	30	EN DESPACHO - DESPIDOS PRUEBA
causas-trabajo	30	EN DESPACHO - PARA NOTIFICAR Y POR SOBRE
causas-trabajo	30	EN DESPACHO - PASE A CAMARA
causas-trabajo	30	FINALIZACION ETAPA - DEVOLUCION
causas-trabajo	30	FINALIZACION ETAPA - NO COMPUTABLE
causas-trabajo	30	RESOL. QUE PONE FIN AL LITIGIO: DESISTIMIENTO DEL DERECHO O DEL PROCESO - SE TIENE POR NO PRESENTADA
causas-trabajo	29	DECLARACION DE PURO DERECHO
causas-trabajo	29	EN CONFRONTE - SANDRA/MARIANA
causas-trabajo	29	EN DESPACHO - CON CEDULA AGREGADA
causas-trabajo	29	EN DESPACHO - INES GIRO
causas-trabajo	29	EN DESPACHO - JZ
causas-trabajo	29	EN DESPACHO - PARA ELEVARA A CAMARA
causas-trabajo	29	EN DESPACHO - VF - $
causas-trabajo	29	EN LETRA - GIRO ELECTRONICO EMITIDO
causas-trabajo	28	EN DESPACHO - (2;4)
causas-trabajo	28	EN DESPACHO - AL RESPONSABLE POR APERTURA A PRUEBA
causas-trabajo	28	EN DESPACHO - CON CEDULA/S
causas-trabajo	28	RESOL. QUE PONE FIN AL LITIGIO: TRANSACCION
causas-trabajo	27	ARCHIVO PROVISORIO - A ARCHIVO PROVISORIO EN PAQUETE NRO. 44542022125
causas-trabajo	27	ARCHIVO PROVISORIO - A ARCHIVO PROVISORIO EN PAQUETE NRO. 44542022139
causas-trabajo	27	ARCHIVO PROVISORIO - A ARCHIVO PROVISORIO EN PAQUETE NRO. 4454202217
causas-trabajo	27	ARCHIVO PROVISORIO - A ARCHIVO PROVISORIO EN PAQUETE NRO. 44542022214
causas-trabajo	27	ARCHIVO PROVISORIO - A ARCHIVO PROVISORIO EN PAQUETE NRO. 44542022238
causas-trabajo	27	ARCHIVO PROVISORIO - A ARCHIVO PROVISORIO EN PAQUETE NRO. 44542022244
causas-trabajo	27	ARCHIVO PROVISORIO - A ARCHIVO PROVISORIO EN PAQUETE NRO. 44542022249
causas-trabajo	27	ARCHIVO PROVISORIO - A ARCHIVO PROVISORIO EN PAQUETE NRO. 44542022252
causas-trabajo	27	ARCHIVO PROVISORIO - A ARCHIVO PROVISORIO EN PAQUETE NRO. 44542022253
causas-trabajo	27	ARCHIVO PROVISORIO - A ARCHIVO PROVISORIO EN PAQUETE NRO. 44542022256
causas-trabajo	27	ARCHIVO PROVISORIO - A ARCHIVO PROVISORIO EN PAQUETE NRO. 44542022260
causas-trabajo	27	ARCHIVO PROVISORIO - A ARCHIVO PROVISORIO EN PAQUETE NRO. 44542022265
causas-trabajo	27	ARCHIVO PROVISORIO - A ARCHIVO PROVISORIO EN PAQUETE NRO. 44542022276
causas-trabajo	27	ARCHIVO PROVISORIO - A ARCHIVO PROVISORIO EN PAQUETE NRO. 44542022279
causas-trabajo	27	ARCHIVO PROVISORIO - A ARCHIVO PROVISORIO EN PAQUETE NRO. 445420223
causas-trabajo	27	ARCHIVO PROVISORIO - A ARCHIVO PROVISORIO EN PAQUETE NRO. 44542022328
causas-trabajo	27	ARCHIVO PROVISORIO - A ARCHIVO PROVISORIO EN PAQUETE NRO. 4454202235
causas-trabajo	27	ARCHIVO PROVISORIO - A ARCHIVO PROVISORIO EN PAQUETE NRO. 4454202238
causas-trabajo	27	ARCHIVO PROVISORIO - A ARCHIVO PROVISORIO EN PAQUETE NRO. 4454202246
causas-trabajo	27	ARCHIVO PROVISORIO - A ARCHIVO PROVISORIO EN PAQUETE NRO. 4454202250
causas-trabajo	27	ARCHIVO PROVISORIO - A ARCHIVO PROVISORIO EN PAQUETE NRO. 4454202251
causas-trabajo	27	ARCHIVO PROVISORIO - A ARCHIVO PROVISORIO EN PAQUETE NRO. 4454202264
causas-trabajo	27	ARCHIVO PROVISORIO - A ARCHIVO PROVISORIO EN PAQUETE NRO. 4454202271
causas-trabajo	27	ARCHIVO PROVISORIO - A ARCHIVO PROVISORIO EN PAQUETE NRO. 4454202274
causas-trabajo	27	ARCHIVO PROVISORIO - A ARCHIVO PROVISORIO EN PAQUETE NRO. 4454202275
causas-trabajo	27	ARCHIVO PROVISORIO - A ARCHIVO PROVISORIO EN PAQUETE NRO. 4454202277
causas-trabajo	27	ARCHIVO PROVISORIO - A ARCHIVO PROVISORIO EN PAQUETE NRO. 4454202278
causas-trabajo	27	ARCHIVO PROVISORIO - A ARCHIVO PROVISORIO EN PAQUETE NRO. 4454202282
causas-trabajo	27	ARCHIVO PROVISORIO - A ARCHIVO PROVISORIO EN PAQUETE NRO. 44542023199
causas-trabajo	27	ARCHIVO PROVISORIO - A ARCHIVO PROVISORIO EN PAQUETE NRO. 44542023200
causas-trabajo	27	ARCHIVO PROVISORIO - A ARCHIVO PROVISORIO EN PAQUETE NRO. 44542023213
causas-trabajo	27	ARCHIVO PROVISORIO - A ARCHIVO PROVISORIO EN PAQUETE NRO. 44542023216
causas-trabajo	27	EN DESPACHO - 68 - AD
causas-trabajo	27	EN DESPACHO - GO TS
causas-trabajo	27	EN DESPACHO - PILA ARCHIVO
causas-trabajo	27	EN DESPACHO - POR SOBRE
causas-trabajo	26	EN CONFRONTE - CONFRONTE OFICIO
causas-trabajo	26	EN DESPACHO - IMP
causas-trabajo	26	EN DESPACHO - LITO A
causas-trabajo	26	EN DESPACHO - NICO AUD 80
causas-trabajo	26	EN DESPACHO - PARA LIBRAR CéDULA
causas-trabajo	26	EN DESPACHO - PASE A FISCAL
causas-trabajo	26	EN DESPACHO - VIR - $
causas-trabajo	26	RESOL. QUE PONE FIN AL LITIGIO: DESISTIMIENTO DEL DERECHO O DEL PROCESO - POR NO PRESENTADA DEMANDA
causas-trabajo	25	EN DESPACHO - DESPACHO VERO
causas-trabajo	25	EN DESPACHO - DVU
causas-trabajo	25	EN DESPACHO - EJECUCIÓN
causas-trabajo	25	EN DESPACHO - EUG
causas-trabajo	25	EN DESPACHO - INICIO 13 12
causas-trabajo	25	EN DESPACHO - NOT TEST.
causas-trabajo	25	RESOL. QUE PONE FIN AL LITIGIO: DESISTIMIENTO DEL DERECHO O DEL PROCESO - RES. FINAL - DESISTIMIENTO
causas-trabajo	24	EN CONFRONTE - NOTIFICAR
causas-trabajo	24	EN DESPACHO - (6;8;9)
causas-trabajo	24	EN DESPACHO - A DESPACHO JB -PRUEBA Y TERMINO DE PRUEBA-
causas-trabajo	24	EN DESPACHO - ER
causas-trabajo	24	EN DESPACHO - ESTEBAN
causas-trabajo	24	EN DESPACHO - MARI PRUEBA
causas-trabajo	24	EN DESPACHO - NICO X 80
causas-trabajo	24	EN DESPACHO - NVO.
causas-trabajo	24	EN LETRA - LIBRE 5 CEDULAS DE TESTIGOS
causas-trabajo	24	EN LETRA - MANDAMIENTO OBSERVADO
causas-trabajo	23	ARCHIVO PROVISORIO - A ARCHIVO PROVISORIO EN PAQUETE NRO. 44222023182
causas-trabajo	23	EN DESPACHO - A LAURA
causas-trabajo	23	EN DESPACHO - AL NRO. POR CARGA DE PARTES
causas-trabajo	23	EN DESPACHO - ALNº
causas-trabajo	23	EN DESPACHO - CEDULA
causas-trabajo	23	EN DESPACHO - CRIS
causas-trabajo	23	EN DESPACHO - DESPACHO LAU
causas-trabajo	23	EN DESPACHO - NOTIFICAR A LA DEMANDADA POR CéDULA EN CAPITAL
causas-trabajo	23	EN DESPACHO - ST PARA ELEVAR A CNAT
causas-trabajo	23	FINALIZACION ETAPA - SENTENCIA DEFINITIVA - SENTENCIA DEFINITIVA
causas-trabajo	22	EN DESPACHO - ALE X AUD
causas-trabajo	22	EN DESPACHO - CARO
causas-trabajo	22	EN DESPACHO - CON ESC (R)
causas-trabajo	22	EN DESPACHO - DESP INICIO
causas-trabajo	22	EN DESPACHO - DESPACHO AL NUMERO
causas-trabajo	22	EN DESPACHO - DESPACHO INICIO 27 11
causas-trabajo	22	EN DESPACHO - OSCAR POR AUDIENCIA
causas-trabajo	22	EN LETRA - LIBRE 2 CEDULAS DE TESTIGO
causas-trabajo	21	EN DESPACHO - A SECRE PARA VALIDAR GIRO
causas-trabajo	21	EN DESPACHO - ACCIDENTES P. 1
causas-trabajo	21	EN DESPACHO - AL NRO. 3 PABLO
causas-trabajo	21	EN DESPACHO - CAMARA
causas-trabajo	21	EN DESPACHO - DESPACHO VENTANA
causas-trabajo	21	EN DESPACHO - NRO AP
causas-trabajo	21	EN DESPACHO - SECRET  VISTA FISCAL
causas-trabajo	21	EN LETRA - FORME ANEXO
causas-trabajo	20	ARCHIVO PROVISORIO - A ARCHIVO PROVISORIO EN PAQUETE NRO. 44322021100
causas-trabajo	20	ARCHIVO PROVISORIO - A ARCHIVO PROVISORIO EN PAQUETE NRO. 44322021101
causas-trabajo	20	ARCHIVO PROVISORIO - A ARCHIVO PROVISORIO EN PAQUETE NRO. 4432202192
causas-trabajo	20	ARCHIVO PROVISORIO - A ARCHIVO PROVISORIO EN PAQUETE NRO. 4432202196
causas-trabajo	20	EN CONFRONTE - G
causas-trabajo	20	EN DESPACHO - .-
causas-trabajo	20	EN DESPACHO - A LA FIRMA
causas-trabajo	20	EN DESPACHO - A LUCIANA PARA AGREGAR CEDULA
causas-trabajo	20	EN DESPACHO - A RESOLVER
causas-trabajo	20	EN DESPACHO - AL NRO 1 - ISABEL
causas-trabajo	20	EN DESPACHO - AL NRO. DESPACHO
causas-trabajo	20	EN DESPACHO - DESPIDO PRUEBA
causas-trabajo	20	EN DESPACHO - DV
causas-trabajo	20	EN DESPACHO - EMA
causas-trabajo	20	EN DESPACHO - EN PROSECRETARIA JB
causas-trabajo	20	EN DESPACHO - FR
causas-trabajo	20	EN DESPACHO - PAOLA RECIBIDO
causas-trabajo	20	EN DESPACHO - REGISTRAR
causas-trabajo	20	EN DESPACHO - VERO
causas-trabajo	20	EN LETRA - EN CASILLERO DE ART 68
causas-trabajo	20	EN LETRA - PLANILLA DE GIROS
causas-trabajo	20	EN LETRA - TRANSFERENCIA EFECTUADA
causas-trabajo	20	FINALIZACION ETAPA - DESISTIMIENTO
